ISO-10303-21;
HEADER;
FILE_DESCRIPTION(('Open CASCADE Model'),'2;1');
FILE_NAME('Open CASCADE Shape Model','2026-06-20T10:50:32',('Author'),(
    'Open CASCADE'),'Open CASCADE STEP processor 7.9','Open CASCADE 7.9'
  ,'Unknown');
FILE_SCHEMA(('AUTOMOTIVE_DESIGN { 1 0 10303 214 1 1 1 1 }'));
ENDSEC;
DATA;
#1 = APPLICATION_PROTOCOL_DEFINITION('international standard',
  'automotive_design',2000,#2);
#2 = APPLICATION_CONTEXT(
  'core data for automotive mechanical design processes');
#3 = SHAPE_DEFINITION_REPRESENTATION(#4,#10);
#4 = PRODUCT_DEFINITION_SHAPE('','',#5);
#5 = PRODUCT_DEFINITION('design','',#6,#9);
#6 = PRODUCT_DEFINITION_FORMATION('','',#7);
#7 = PRODUCT('Open CASCADE STEP translator 7.9 4',
  'Open CASCADE STEP translator 7.9 4','',(#8));
#8 = PRODUCT_CONTEXT('',#2,'mechanical');
#9 = PRODUCT_DEFINITION_CONTEXT('part definition',#2,'design');
#10 = MANIFOLD_SURFACE_SHAPE_REPRESENTATION('',(#11,#15),#2225);
#11 = AXIS2_PLACEMENT_3D('',#12,#13,#14);
#12 = CARTESIAN_POINT('',(0.,0.,0.));
#13 = DIRECTION('',(0.,0.,1.));
#14 = DIRECTION('',(1.,0.,-0.));
#15 = SHELL_BASED_SURFACE_MODEL('',(#16));
#16 = OPEN_SHELL('',(#17));
#17 = ADVANCED_FACE('',(#18),#31,.T.);
#18 = FACE_BOUND('',#19,.T.);
#19 = EDGE_LOOP('',(#20,#1112,#1662,#1677));
#20 = ORIENTED_EDGE('',*,*,#21,.F.);
#21 = EDGE_CURVE('',#22,#24,#26,.T.);
#22 = VERTEX_POINT('',#23);
#23 = CARTESIAN_POINT('',(36.,0.,0.));
#24 = VERTEX_POINT('',#25);
#25 = CARTESIAN_POINT('',(48.,0.,6.));
#26 = SURFACE_CURVE('',#27,(#30),.PCURVE_S1.);
#27 = B_SPLINE_CURVE_WITH_KNOTS('',1,(#28,#29),.UNSPECIFIED.,.F.,.F.,(2,
    2),(0.,1.),.PIECEWISE_BEZIER_KNOTS.);
#28 = CARTESIAN_POINT('',(36.,0.,0.));
#29 = CARTESIAN_POINT('',(48.,0.,6.));
#30 = PCURVE('',#31,#1106);
#31 = B_SPLINE_SURFACE_WITH_KNOTS('',8,1,(
    (#32,#33)
    ,(#34,#35)
    ,(#36,#37)
    ,(#38,#39)
    ,(#40,#41)
    ,(#42,#43)
    ,(#44,#45)
    ,(#46,#47)
    ,(#48,#49)
    ,(#50,#51)
    ,(#52,#53)
    ,(#54,#55)
    ,(#56,#57)
    ,(#58,#59)
    ,(#60,#61)
    ,(#62,#63)
    ,(#64,#65)
    ,(#66,#67)
    ,(#68,#69)
    ,(#70,#71)
    ,(#72,#73)
    ,(#74,#75)
    ,(#76,#77)
    ,(#78,#79)
    ,(#80,#81)
    ,(#82,#83)
    ,(#84,#85)
    ,(#86,#87)
    ,(#88,#89)
    ,(#90,#91)
    ,(#92,#93)
    ,(#94,#95)
    ,(#96,#97)
    ,(#98,#99)
    ,(#100,#101)
    ,(#102,#103)
    ,(#104,#105)
    ,(#106,#107)
    ,(#108,#109)
    ,(#110,#111)
    ,(#112,#113)
    ,(#114,#115)
    ,(#116,#117)
    ,(#118,#119)
    ,(#120,#121)
    ,(#122,#123)
    ,(#124,#125)
    ,(#126,#127)
    ,(#128,#129)
    ,(#130,#131)
    ,(#132,#133)
    ,(#134,#135)
    ,(#136,#137)
    ,(#138,#139)
    ,(#140,#141)
    ,(#142,#143)
    ,(#144,#145)
    ,(#146,#147)
    ,(#148,#149)
    ,(#150,#151)
    ,(#152,#153)
    ,(#154,#155)
    ,(#156,#157)
    ,(#158,#159)
    ,(#160,#161)
    ,(#162,#163)
    ,(#164,#165)
    ,(#166,#167)
    ,(#168,#169)
    ,(#170,#171)
    ,(#172,#173)
    ,(#174,#175)
    ,(#176,#177)
    ,(#178,#179)
    ,(#180,#181)
    ,(#182,#183)
    ,(#184,#185)
    ,(#186,#187)
    ,(#188,#189)
    ,(#190,#191)
    ,(#192,#193)
    ,(#194,#195)
    ,(#196,#197)
    ,(#198,#199)
    ,(#200,#201)
    ,(#202,#203)
    ,(#204,#205)
    ,(#206,#207)
    ,(#208,#209)
    ,(#210,#211)
    ,(#212,#213)
    ,(#214,#215)
    ,(#216,#217)
    ,(#218,#219)
    ,(#220,#221)
    ,(#222,#223)
    ,(#224,#225)
    ,(#226,#227)
    ,(#228,#229)
    ,(#230,#231)
    ,(#232,#233)
    ,(#234,#235)
    ,(#236,#237)
    ,(#238,#239)
    ,(#240,#241)
    ,(#242,#243)
    ,(#244,#245)
    ,(#246,#247)
    ,(#248,#249)
    ,(#250,#251)
    ,(#252,#253)
    ,(#254,#255)
    ,(#256,#257)
    ,(#258,#259)
    ,(#260,#261)
    ,(#262,#263)
    ,(#264,#265)
    ,(#266,#267)
    ,(#268,#269)
    ,(#270,#271)
    ,(#272,#273)
    ,(#274,#275)
    ,(#276,#277)
    ,(#278,#279)
    ,(#280,#281)
    ,(#282,#283)
    ,(#284,#285)
    ,(#286,#287)
    ,(#288,#289)
    ,(#290,#291)
    ,(#292,#293)
    ,(#294,#295)
    ,(#296,#297)
    ,(#298,#299)
    ,(#300,#301)
    ,(#302,#303)
    ,(#304,#305)
    ,(#306,#307)
    ,(#308,#309)
    ,(#310,#311)
    ,(#312,#313)
    ,(#314,#315)
    ,(#316,#317)
    ,(#318,#319)
    ,(#320,#321)
    ,(#322,#323)
    ,(#324,#325)
    ,(#326,#327)
    ,(#328,#329)
    ,(#330,#331)
    ,(#332,#333)
    ,(#334,#335)
    ,(#336,#337)
    ,(#338,#339)
    ,(#340,#341)
    ,(#342,#343)
    ,(#344,#345)
    ,(#346,#347)
    ,(#348,#349)
    ,(#350,#351)
    ,(#352,#353)
    ,(#354,#355)
    ,(#356,#357)
    ,(#358,#359)
    ,(#360,#361)
    ,(#362,#363)
    ,(#364,#365)
    ,(#366,#367)
    ,(#368,#369)
    ,(#370,#371)
    ,(#372,#373)
    ,(#374,#375)
    ,(#376,#377)
    ,(#378,#379)
    ,(#380,#381)
    ,(#382,#383)
    ,(#384,#385)
    ,(#386,#387)
    ,(#388,#389)
    ,(#390,#391)
    ,(#392,#393)
    ,(#394,#395)
    ,(#396,#397)
    ,(#398,#399)
    ,(#400,#401)
    ,(#402,#403)
    ,(#404,#405)
    ,(#406,#407)
    ,(#408,#409)
    ,(#410,#411)
    ,(#412,#413)
    ,(#414,#415)
    ,(#416,#417)
    ,(#418,#419)
    ,(#420,#421)
    ,(#422,#423)
    ,(#424,#425)
    ,(#426,#427)
    ,(#428,#429)
    ,(#430,#431)
    ,(#432,#433)
    ,(#434,#435)
    ,(#436,#437)
    ,(#438,#439)
    ,(#440,#441)
    ,(#442,#443)
    ,(#444,#445)
    ,(#446,#447)
    ,(#448,#449)
    ,(#450,#451)
    ,(#452,#453)
    ,(#454,#455)
    ,(#456,#457)
    ,(#458,#459)
    ,(#460,#461)
    ,(#462,#463)
    ,(#464,#465)
    ,(#466,#467)
    ,(#468,#469)
    ,(#470,#471)
    ,(#472,#473)
    ,(#474,#475)
    ,(#476,#477)
    ,(#478,#479)
    ,(#480,#481)
    ,(#482,#483)
    ,(#484,#485)
    ,(#486,#487)
    ,(#488,#489)
    ,(#490,#491)
    ,(#492,#493)
    ,(#494,#495)
    ,(#496,#497)
    ,(#498,#499)
    ,(#500,#501)
    ,(#502,#503)
    ,(#504,#505)
    ,(#506,#507)
    ,(#508,#509)
    ,(#510,#511)
    ,(#512,#513)
    ,(#514,#515)
    ,(#516,#517)
    ,(#518,#519)
    ,(#520,#521)
    ,(#522,#523)
    ,(#524,#525)
    ,(#526,#527)
    ,(#528,#529)
    ,(#530,#531)
    ,(#532,#533)
    ,(#534,#535)
    ,(#536,#537)
    ,(#538,#539)
    ,(#540,#541)
    ,(#542,#543)
    ,(#544,#545)
    ,(#546,#547)
    ,(#548,#549)
    ,(#550,#551)
    ,(#552,#553)
    ,(#554,#555)
    ,(#556,#557)
    ,(#558,#559)
    ,(#560,#561)
    ,(#562,#563)
    ,(#564,#565)
    ,(#566,#567)
    ,(#568,#569)
    ,(#570,#571)
    ,(#572,#573)
    ,(#574,#575)
    ,(#576,#577)
    ,(#578,#579)
    ,(#580,#581)
    ,(#582,#583)
    ,(#584,#585)
    ,(#586,#587)
    ,(#588,#589)
    ,(#590,#591)
    ,(#592,#593)
    ,(#594,#595)
    ,(#596,#597)
    ,(#598,#599)
    ,(#600,#601)
    ,(#602,#603)
    ,(#604,#605)
    ,(#606,#607)
    ,(#608,#609)
    ,(#610,#611)
    ,(#612,#613)
    ,(#614,#615)
    ,(#616,#617)
    ,(#618,#619)
    ,(#620,#621)
    ,(#622,#623)
    ,(#624,#625)
    ,(#626,#627)
    ,(#628,#629)
    ,(#630,#631)
    ,(#632,#633)
    ,(#634,#635)
    ,(#636,#637)
    ,(#638,#639)
    ,(#640,#641)
    ,(#642,#643)
    ,(#644,#645)
    ,(#646,#647)
    ,(#648,#649)
    ,(#650,#651)
    ,(#652,#653)
    ,(#654,#655)
    ,(#656,#657)
    ,(#658,#659)
    ,(#660,#661)
    ,(#662,#663)
    ,(#664,#665)
    ,(#666,#667)
    ,(#668,#669)
    ,(#670,#671)
    ,(#672,#673)
    ,(#674,#675)
    ,(#676,#677)
    ,(#678,#679)
    ,(#680,#681)
    ,(#682,#683)
    ,(#684,#685)
    ,(#686,#687)
    ,(#688,#689)
    ,(#690,#691)
    ,(#692,#693)
    ,(#694,#695)
    ,(#696,#697)
    ,(#698,#699)
    ,(#700,#701)
    ,(#702,#703)
    ,(#704,#705)
    ,(#706,#707)
    ,(#708,#709)
    ,(#710,#711)
    ,(#712,#713)
    ,(#714,#715)
    ,(#716,#717)
    ,(#718,#719)
    ,(#720,#721)
    ,(#722,#723)
    ,(#724,#725)
    ,(#726,#727)
    ,(#728,#729)
    ,(#730,#731)
    ,(#732,#733)
    ,(#734,#735)
    ,(#736,#737)
    ,(#738,#739)
    ,(#740,#741)
    ,(#742,#743)
    ,(#744,#745)
    ,(#746,#747)
    ,(#748,#749)
    ,(#750,#751)
    ,(#752,#753)
    ,(#754,#755)
    ,(#756,#757)
    ,(#758,#759)
    ,(#760,#761)
    ,(#762,#763)
    ,(#764,#765)
    ,(#766,#767)
    ,(#768,#769)
    ,(#770,#771)
    ,(#772,#773)
    ,(#774,#775)
    ,(#776,#777)
    ,(#778,#779)
    ,(#780,#781)
    ,(#782,#783)
    ,(#784,#785)
    ,(#786,#787)
    ,(#788,#789)
    ,(#790,#791)
    ,(#792,#793)
    ,(#794,#795)
    ,(#796,#797)
    ,(#798,#799)
    ,(#800,#801)
    ,(#802,#803)
    ,(#804,#805)
    ,(#806,#807)
    ,(#808,#809)
    ,(#810,#811)
    ,(#812,#813)
    ,(#814,#815)
    ,(#816,#817)
    ,(#818,#819)
    ,(#820,#821)
    ,(#822,#823)
    ,(#824,#825)
    ,(#826,#827)
    ,(#828,#829)
    ,(#830,#831)
    ,(#832,#833)
    ,(#834,#835)
    ,(#836,#837)
    ,(#838,#839)
    ,(#840,#841)
    ,(#842,#843)
    ,(#844,#845)
    ,(#846,#847)
    ,(#848,#849)
    ,(#850,#851)
    ,(#852,#853)
    ,(#854,#855)
    ,(#856,#857)
    ,(#858,#859)
    ,(#860,#861)
    ,(#862,#863)
    ,(#864,#865)
    ,(#866,#867)
    ,(#868,#869)
    ,(#870,#871)
    ,(#872,#873)
    ,(#874,#875)
    ,(#876,#877)
    ,(#878,#879)
    ,(#880,#881)
    ,(#882,#883)
    ,(#884,#885)
    ,(#886,#887)
    ,(#888,#889)
    ,(#890,#891)
    ,(#892,#893)
    ,(#894,#895)
    ,(#896,#897)
    ,(#898,#899)
    ,(#900,#901)
    ,(#902,#903)
    ,(#904,#905)
    ,(#906,#907)
    ,(#908,#909)
    ,(#910,#911)
    ,(#912,#913)
    ,(#914,#915)
    ,(#916,#917)
    ,(#918,#919)
    ,(#920,#921)
    ,(#922,#923)
    ,(#924,#925)
    ,(#926,#927)
    ,(#928,#929)
    ,(#930,#931)
    ,(#932,#933)
    ,(#934,#935)
    ,(#936,#937)
    ,(#938,#939)
    ,(#940,#941)
    ,(#942,#943)
    ,(#944,#945)
    ,(#946,#947)
    ,(#948,#949)
    ,(#950,#951)
    ,(#952,#953)
    ,(#954,#955)
    ,(#956,#957)
    ,(#958,#959)
    ,(#960,#961)
    ,(#962,#963)
    ,(#964,#965)
    ,(#966,#967)
    ,(#968,#969)
    ,(#970,#971)
    ,(#972,#973)
    ,(#974,#975)
    ,(#976,#977)
    ,(#978,#979)
    ,(#980,#981)
    ,(#982,#983)
    ,(#984,#985)
    ,(#986,#987)
    ,(#988,#989)
    ,(#990,#991)
    ,(#992,#993)
    ,(#994,#995)
    ,(#996,#997)
    ,(#998,#999)
    ,(#1000,#1001)
    ,(#1002,#1003)
    ,(#1004,#1005)
    ,(#1006,#1007)
    ,(#1008,#1009)
    ,(#1010,#1011)
    ,(#1012,#1013)
    ,(#1014,#1015)
    ,(#1016,#1017)
    ,(#1018,#1019)
    ,(#1020,#1021)
    ,(#1022,#1023)
    ,(#1024,#1025)
    ,(#1026,#1027)
    ,(#1028,#1029)
    ,(#1030,#1031)
    ,(#1032,#1033)
    ,(#1034,#1035)
    ,(#1036,#1037)
    ,(#1038,#1039)
    ,(#1040,#1041)
    ,(#1042,#1043)
    ,(#1044,#1045)
    ,(#1046,#1047)
    ,(#1048,#1049)
    ,(#1050,#1051)
    ,(#1052,#1053)
    ,(#1054,#1055)
    ,(#1056,#1057)
    ,(#1058,#1059)
    ,(#1060,#1061)
    ,(#1062,#1063)
    ,(#1064,#1065)
    ,(#1066,#1067)
    ,(#1068,#1069)
    ,(#1070,#1071)
    ,(#1072,#1073)
    ,(#1074,#1075)
    ,(#1076,#1077)
    ,(#1078,#1079)
    ,(#1080,#1081)
    ,(#1082,#1083)
    ,(#1084,#1085)
    ,(#1086,#1087)
    ,(#1088,#1089)
    ,(#1090,#1091)
    ,(#1092,#1093)
    ,(#1094,#1095)
    ,(#1096,#1097)
    ,(#1098,#1099)
    ,(#1100,#1101)
    ,(#1102,#1103)
    ,(#1104,#1105
    )),.UNSPECIFIED.,.F.,.F.,.F.,(9,6,6,6,6,6,6,6,6,6,6,6,6,6,6,6,6,6,6,
    6,6,6,6,6,6,6,6,6,6,6,6,6,6,6,6,6,6,6,6,6,6,6,6,6,6,6,6,6,6,6,6,6,6,
    6,6,6,6,6,6,6,6,6,6,6,6,6,6,6,6,6,6,6,6,6,6,6,6,6,6,6,6,6,6,6,6,6,6,
    6,6,9),(2,2),(0.,2.080615535737E-02,4.16013044851E-02,
    6.228794790612E-02,8.27686361288E-02,0.10294662784,0.1227265523,
    0.127217159279,0.142015073541,0.160721554503,0.178758720126,
    0.19604331978,0.212496791628,0.226082574002,0.228045935038,
    0.242623602938,0.256169435873,0.26863067673,0.275085090596,
    0.27996313669,0.290132443402,0.299115824124,0.306904935804,
    0.313510837157,0.315506085947,0.318973566691,0.323381955503,
    0.326914801719,0.329908062997,0.332867609421,0.336285769317,
    0.340464354921,0.345538263656,0.351549075396,0.35848887153,
    0.366321143929,0.374990921328,0.384430088578,0.394560482827,
    0.400278056178,0.405295906501,0.416543587356,0.428205346746,
    0.44017861163,0.452357344092,0.464632930506,0.476895056078,
    0.489032582419,0.500934443104,0.507157668635,0.512490573971,
    0.52359290186,0.534136430574,0.544020492532,0.553150293816,
    0.561439003395,0.568810908462,0.57520679747,0.580594349189,
    0.584990569755,0.58851346363,0.591485696793,0.594501130253,
    0.596912099942,0.598189877328,0.602955027637,0.60900657976,
    0.616454326746,0.625356584025,0.635741381944,0.640002481288,
    0.647616016826,0.660971730958,0.675786233964,0.692025209719,
    0.696881232406,0.70964332658,0.728585001464,0.748785046064,
    0.770169264016,0.79265503706,0.816151921536,0.824221358515,
    0.840562267011,0.865781863168,0.891700617503,0.918203264135,
    0.945170102472,0.972477763406,1.),(0.,1.),.UNSPECIFIED.);
#32 = CARTESIAN_POINT('',(36.,0.,0.));
#33 = CARTESIAN_POINT('',(48.,0.,6.));
#34 = CARTESIAN_POINT('',(36.028992599466,0.220289933322,
    3.623648939006E-02));
#35 = CARTESIAN_POINT('',(48.025349292589,0.287264822048,6.031686614771)
  );
#36 = CARTESIAN_POINT('',(36.056416133622,0.440795047246,
    7.244093918667E-02));
#37 = CARTESIAN_POINT('',(48.048718335019,0.57470604802,6.063354450856)
  );
#38 = CARTESIAN_POINT('',(36.082276655922,0.66149838559,0.10861923294));
#39 = CARTESIAN_POINT('',(48.070110308821,0.862307273499,6.095007034006)
  );
#40 = CARTESIAN_POINT('',(36.106579651393,0.882384159194,0.144777183587)
  );
#41 = CARTESIAN_POINT('',(48.089528395527,1.15005209407,6.126647889969)
  );
#42 = CARTESIAN_POINT('',(36.129330330261,1.103437351443,0.180920558716)
  );
#43 = CARTESIAN_POINT('',(48.106975776668,1.437924105317,6.158280544496)
  );
#44 = CARTESIAN_POINT('',(36.150533819868,1.324643464604,0.217055102742)
  );
#45 = CARTESIAN_POINT('',(48.122455633775,1.725906902823,6.189908523337)
  );
#46 = CARTESIAN_POINT('',(36.189846356902,1.767216167146,0.289298898086)
  );
#47 = CARTESIAN_POINT('',(48.149479513421,2.301908871832,6.2531454509));
#48 = CARTESIAN_POINT('',(36.223015220176,2.210288231791,0.361553357491)
  );
#49 = CARTESIAN_POINT('',(48.168662898362,2.878222585577,6.316391876693)
  );
#50 = CARTESIAN_POINT('',(36.238065439414,2.431876573985,0.397679441891)
  );
#51 = CARTESIAN_POINT('',(48.176297002286,3.166365283462,6.348012637917)
  );
#52 = CARTESIAN_POINT('',(36.251591235719,2.653562244283,0.433819702901)
  );
#53 = CARTESIAN_POINT('',(48.181980091017,3.454554240591,6.379642855258)
  );
#54 = CARTESIAN_POINT('',(36.263598211196,2.875331815076,0.469979939239)
  );
#55 = CARTESIAN_POINT('',(48.185716200285,3.742773639108,6.411286070121)
  );
#56 = CARTESIAN_POINT('',(36.274092203674,3.097171988554,0.506166002245)
  );
#57 = CARTESIAN_POINT('',(48.187509365823,4.031007661161,6.442945823915)
  );
#58 = CARTESIAN_POINT('',(36.292019506116,3.539809369627,0.578412646373)
  );
#59 = CARTESIAN_POINT('',(48.187218641359,4.605969364603,6.506140191956)
  );
#60 = CARTESIAN_POINT('',(36.303975892656,3.98262338518,0.650809540056)
  );
#61 = CARTESIAN_POINT('',(48.179228758536,5.180863373957,6.569428554602)
  );
#62 = CARTESIAN_POINT('',(36.308459765958,4.203482340173,0.686956584373)
  );
#63 = CARTESIAN_POINT('',(48.173334438475,5.46752667153,6.60101701328));
#64 = CARTESIAN_POINT('',(36.311471456738,4.424359679477,0.723152916376)
  );
#65 = CARTESIAN_POINT('',(48.165535194885,5.754143164955,6.632636196879)
  );
#66 = CARTESIAN_POINT('',(36.313017724818,4.645242834214,0.759404645848)
  );
#67 = CARTESIAN_POINT('',(48.155835932626,6.040697869709,6.664289779918)
  );
#68 = CARTESIAN_POINT('',(36.313105589872,4.866119393381,0.795718007076)
  );
#69 = CARTESIAN_POINT('',(48.14424155656,6.327175801269,6.695981436919)
  );
#70 = CARTESIAN_POINT('',(36.31039265682,5.305635996897,0.868118541441)
  );
#71 = CARTESIAN_POINT('',(48.117406638392,6.897096902377,6.759132311669)
  );
#72 = CARTESIAN_POINT('',(36.30196285727,5.745030271743,0.940814356535)
  );
#73 = CARTESIAN_POINT('',(48.083105396978,7.466595274827,6.822463074014)
  );
#74 = CARTESIAN_POINT('',(36.296361433449,5.963586314622,0.977059858747)
  );
#75 = CARTESIAN_POINT('',(48.064198369305,7.749801340312,6.854018459993)
  );
#76 = CARTESIAN_POINT('',(36.289360009103,6.182088856539,1.013391317999)
  );
#77 = CARTESIAN_POINT('',(48.043454873694,8.032874923412,6.885626168709)
  );
#78 = CARTESIAN_POINT('',(36.280966476821,6.400526555233,1.049815437888)
  );
#79 = CARTESIAN_POINT('',(48.020880651663,8.315802096625,6.917290100007)
  );
#80 = CARTESIAN_POINT('',(36.271189033309,6.618888251865,1.086339132856)
  );
#81 = CARTESIAN_POINT('',(47.996481444729,8.598568932448,6.949014153733)
  );
#82 = CARTESIAN_POINT('',(36.249048224927,7.052211658655,1.15905859845)
  );
#83 = CARTESIAN_POINT('',(47.944432042468,9.15957746733,7.012120490477)
  );
#84 = CARTESIAN_POINT('',(36.221522019301,7.485149612922,1.232227970013)
  );
#85 = CARTESIAN_POINT('',(47.885235447974,9.719844317162,7.075494515083)
  );
#86 = CARTESIAN_POINT('',(36.206543521136,7.699901739413,1.268658200923)
  );
#87 = CARTESIAN_POINT('',(47.854103747538,9.997696860185,7.107015786591)
  );
#88 = CARTESIAN_POINT('',(36.190256034166,7.914538400136,1.305213704628)
  );
#89 = CARTESIAN_POINT('',(47.821224825111,10.275341395375,7.138611455418
    ));
#90 = CARTESIAN_POINT('',(36.172668815478,8.129049557349,1.341902131516)
  );
#91 = CARTESIAN_POINT('',(47.786605215854,10.552765254158,7.170285755609
    ));
#92 = CARTESIAN_POINT('',(36.153791547599,8.343425316144,1.378731456553)
  );
#93 = CARTESIAN_POINT('',(47.75025145493,10.829955767959,7.202042921208)
  );
#94 = CARTESIAN_POINT('',(36.113874860403,8.7676602411,1.45195907769));
#95 = CARTESIAN_POINT('',(47.674839961617,11.378381264571,7.265103234232
    ));
#96 = CARTESIAN_POINT('',(36.068980743199,9.191288441542,1.525806253283)
  );
#97 = CARTESIAN_POINT('',(47.592679285661,11.925792344896,7.328521709556
    ));
#98 = CARTESIAN_POINT('',(36.045547631034,9.400834725952,1.562522064203)
  );
#99 = CARTESIAN_POINT('',(47.550361630592,12.196511369471,7.36000750735)
  );
#100 = CARTESIAN_POINT('',(36.020915304921,9.61021447069,1.599406561124)
  );
#101 = CARTESIAN_POINT('',(47.506404688233,12.466959337322,
    7.391590445133));
#102 = CARTESIAN_POINT('',(35.995094693371,9.819419020299,1.636468790383
    ));
#103 = CARTESIAN_POINT('',(47.460815737382,12.73712500826,7.423275210185
    ));
#104 = CARTESIAN_POINT('',(35.968097199113,10.028439970924,
    1.673718267942));
#105 = CARTESIAN_POINT('',(47.413602056838,13.006997142098,
    7.455066489788));
#106 = CARTESIAN_POINT('',(35.933540985333,10.284679478882,
    1.719666516441));
#107 = CARTESIAN_POINT('',(47.353684865893,13.337763976693,
    7.494211744373));
#108 = CARTESIAN_POINT('',(35.897249156365,10.540619110875,
    1.765927793497));
#109 = CARTESIAN_POINT('',(47.29134340147,13.668055015699,7.533531481491
    ));
#110 = CARTESIAN_POINT('',(35.890475059774,10.587963480202,
    1.774498034967));
#111 = CARTESIAN_POINT('',(47.279725904865,13.72915005031,7.540812577668
    ));
#112 = CARTESIAN_POINT('',(35.883641834715,10.635297409033,1.78307924265
    ));
#113 = CARTESIAN_POINT('',(47.268025618266,13.790228552484,
    7.548099780177));
#114 = CARTESIAN_POINT('',(35.876749626587,10.68262081223,1.791671543977
    ));
#115 = CARTESIAN_POINT('',(47.256242642381,13.85129040008,7.555393155612
    ));
#116 = CARTESIAN_POINT('',(35.86979858175,10.729933606273,1.800275068005
    ));
#117 = CARTESIAN_POINT('',(47.244377077915,13.912335470958,
    7.562692770561));
#118 = CARTESIAN_POINT('',(35.839689643447,10.933110509706,1.83727858387
    ));
#119 = CARTESIAN_POINT('',(47.193056563258,14.174470010387,
    7.594073921067));
#120 = CARTESIAN_POINT('',(35.808500639219,11.136088695341,
    1.874494009207));
#121 = CARTESIAN_POINT('',(47.140216035486,14.436290518605,
    7.625572645521));
#122 = CARTESIAN_POINT('',(35.783943998765,11.291689354228,
    1.903174940234));
#123 = CARTESIAN_POINT('',(47.098786397169,14.636966763029,7.64980966043
    ));
#124 = CARTESIAN_POINT('',(35.758764731443,11.447164709673,
    1.931990629677));
#125 = CARTESIAN_POINT('',(47.056469321743,14.837449434672,
    7.674120642409));
#126 = CARTESIAN_POINT('',(35.732968837264,11.602511721798,
    1.960946271703));
#127 = CARTESIAN_POINT('',(47.01326841289,15.037734162889,7.698507974344
    ));
#128 = CARTESIAN_POINT('',(35.706562414475,11.757727617473,
    1.990047290182));
#129 = CARTESIAN_POINT('',(46.96918727429,15.237816577031,7.72297403912)
  );
#130 = CARTESIAN_POINT('',(35.645406956629,12.108853601589,
    2.056277842928));
#131 = CARTESIAN_POINT('',(46.867397069997,15.690361125941,
    7.778552036304));
#132 = CARTESIAN_POINT('',(35.581188960172,12.459280168218,
    2.123313855194));
#133 = CARTESIAN_POINT('',(46.761131506147,16.141823745379,
    7.834558070975));
#134 = CARTESIAN_POINT('',(35.54439310673,12.654710158434,2.161005301068
    ));
#135 = CARTESIAN_POINT('',(46.700413896287,16.393543195215,
    7.865967332684));
#136 = CARTESIAN_POINT('',(35.506670744596,12.849911474982,
    2.198973072172));
#137 = CARTESIAN_POINT('',(46.638318503822,16.644909322751,7.89752208007
    ));
#138 = CARTESIAN_POINT('',(35.468037710205,13.044878633768,
    2.237231195157));
#139 = CARTESIAN_POINT('',(46.574853992624,16.895914102561,7.9292283396)
  );
#140 = CARTESIAN_POINT('',(35.428511140423,13.239606066236,
    2.275794786152));
#141 = CARTESIAN_POINT('',(46.510029026562,17.146549509218,
    7.961092137738));
#142 = CARTESIAN_POINT('',(35.349153348509,13.621611984595,
    2.352174229579));
#143 = CARTESIAN_POINT('',(46.380043307798,17.638111327961,
    8.024000929469));
#144 = CARTESIAN_POINT('',(35.266495598851,14.002651681954,2.42986345444
    ));
#145 = CARTESIAN_POINT('',(46.244875588698,18.12818611894,8.087564032612
    ));
#146 = CARTESIAN_POINT('',(35.225142096905,14.189463527766,
    2.468331968947));
#147 = CARTESIAN_POINT('',(46.17728345972,18.36839530425,8.118931296298)
  );
#148 = CARTESIAN_POINT('',(35.183030049792,14.376033354986,
    2.507149024974));
#149 = CARTESIAN_POINT('',(46.108461334978,18.608233515787,
    8.150470164991));
#150 = CARTESIAN_POINT('',(35.140179621028,14.562356996741,
    2.546333009803));
#151 = CARTESIAN_POINT('',(46.038418582981,18.847694434957,
    8.182187604832));
#152 = CARTESIAN_POINT('',(35.096612349579,14.748430695426,2.58590383649
    ));
#153 = CARTESIAN_POINT('',(45.967164572237,19.086771743166,
    8.214090581963));
#154 = CARTESIAN_POINT('',(35.009937252888,15.112318452434,
    2.664194541853));
#155 = CARTESIAN_POINT('',(45.825275853084,19.55418772967,8.276942421023
    ));
#156 = CARTESIAN_POINT('',(34.920699464975,15.475222864973,
    2.744143706517));
#157 = CARTESIAN_POINT('',(45.678813993736,20.02008416455,8.340559195679
    ));
#158 = CARTESIAN_POINT('',(34.876439877614,15.652570846762,
    2.783684768558));
#159 = CARTESIAN_POINT('',(45.606058391044,20.247700715065,
    8.371881182467));
#160 = CARTESIAN_POINT('',(34.831613076455,15.829678131178,
    2.823666905731));
#161 = CARTESIAN_POINT('',(45.532228010474,20.474944199509,
    8.403402616122));
#162 = CARTESIAN_POINT('',(34.786245383834,16.006542373402,
    2.864115187215));
#163 = CARTESIAN_POINT('',(45.457333006257,20.701810021129,
    8.435131634154));
#164 = CARTESIAN_POINT('',(34.740365826829,16.183161241512,
    2.905057266165));
#165 = CARTESIAN_POINT('',(45.38138353263,20.928293583171,8.467076374074
    ));
#166 = CARTESIAN_POINT('',(34.649876908817,16.527422492807,
    2.985996631296));
#167 = CARTESIAN_POINT('',(45.231098191693,21.36961516287,8.52986674965)
  );
#168 = CARTESIAN_POINT('',(34.557700002805,16.870729209857,
    3.069066181287));
#169 = CARTESIAN_POINT('',(45.076872725839,21.809445317011,
    8.593541027107));
#170 = CARTESIAN_POINT('',(34.512376897777,17.037924601943,
    3.110114187474));
#171 = CARTESIAN_POINT('',(45.000733649665,22.023585241355,
    8.624813685516));
#172 = CARTESIAN_POINT('',(34.466718535085,17.204888178926,
    3.151731523082));
#173 = CARTESIAN_POINT('',(44.923679683555,22.237364663361,
    8.656315758781));
#174 = CARTESIAN_POINT('',(34.420763578917,17.371617250236,
    3.193954714109));
#175 = CARTESIAN_POINT('',(44.84572193108,22.450780687983,8.688056843211
    ));
#176 = CARTESIAN_POINT('',(34.374555194115,17.538108949473,3.23682453712
    ));
#177 = CARTESIAN_POINT('',(44.766871495815,22.663830420172,
    8.720046535115));
#178 = CARTESIAN_POINT('',(34.289817571183,17.841635811506,
    3.316356494098));
#179 = CARTESIAN_POINT('',(44.621304026856,23.052123238205,
    8.778921813572));
#180 = CARTESIAN_POINT('',(34.204575793715,18.144354355105,
    3.398368531029));
#181 = CARTESIAN_POINT('',(44.472835076364,23.439175825574,
    8.838689727026));
#182 = CARTESIAN_POINT('',(34.16595091917,18.281097525413,3.435996286404
    ));
#183 = CARTESIAN_POINT('',(44.40510211196,23.613972667375,8.865911020796
    ));
#184 = CARTESIAN_POINT('',(34.127286228036,18.417673031824,
    3.474192213276));
#185 = CARTESIAN_POINT('',(44.336792106544,23.788514162733,
    8.893330131809));
#186 = CARTESIAN_POINT('',(34.088617496264,18.554080294366,
    3.512991185496));
#187 = CARTESIAN_POINT('',(44.267913282845,23.962799480546,8.92095467622
    ));
#188 = CARTESIAN_POINT('',(34.049983484604,18.690319490379,
    3.552431524626));
#189 = CARTESIAN_POINT('',(44.198473863594,24.13682778971,8.948792270188
    ));
#190 = CARTESIAN_POINT('',(34.005853895145,18.846056633498,
    3.598353965899));
#191 = CARTESIAN_POINT('',(44.11836714743,24.335710848115,8.980905393422
    ));
#192 = CARTESIAN_POINT('',(33.96188355864,19.001579642825,3.6452327851)
  );
#193 = CARTESIAN_POINT('',(44.037547640053,24.534255069283,
    9.013317546858));
#194 = CARTESIAN_POINT('',(33.956334788173,19.021213560738,
    3.651167889318));
#195 = CARTESIAN_POINT('',(44.027331373492,24.559319469131,
    9.017414959008));
#196 = CARTESIAN_POINT('',(33.950789919472,19.04084357584,3.657119260905
    ));
#197 = CARTESIAN_POINT('',(44.017103792083,24.584378461665,
    9.021517184761));
#198 = CARTESIAN_POINT('',(33.945249470343,19.060469502349,
    3.663087286097));
#199 = CARTESIAN_POINT('',(44.006864920642,24.609432044375,
    9.025624247104));
#200 = CARTESIAN_POINT('',(33.939713871971,19.08009118807,3.66907228759)
  );
#201 = CARTESIAN_POINT('',(43.996614783988,24.634480214754,
    9.029736169025));
#202 = CARTESIAN_POINT('',(33.893121157911,19.245364254506,
    3.719640353278));
#203 = CARTESIAN_POINT('',(43.910164186486,24.845461759338,
    9.064419643353));
#204 = CARTESIAN_POINT('',(33.846919462253,19.410320793475,
    3.771448876039));
#205 = CARTESIAN_POINT('',(43.822917527962,25.05605879052,9.099451304642
    ));
#206 = CARTESIAN_POINT('',(33.806627960805,19.555412326964,
    3.818165256637));
#207 = CARTESIAN_POINT('',(43.745422415532,25.241360373666,
    9.130608975861));
#208 = CARTESIAN_POINT('',(33.766704025879,19.7002587129,3.865906561501)
  );
#209 = CARTESIAN_POINT('',(43.667336959396,25.426363941099,
    9.162064497588));
#210 = CARTESIAN_POINT('',(33.72719323068,19.844898498501,3.91474436314)
  );
#211 = CARTESIAN_POINT('',(43.588675136398,25.61106980997,9.19383157737)
  );
#212 = CARTESIAN_POINT('',(33.688243191623,19.98932695093,3.964822158863
    ));
#213 = CARTESIAN_POINT('',(43.509450923387,25.79547829743,9.225923922752
    ));
#214 = CARTESIAN_POINT('',(33.614567973448,20.267476044514,
    4.064155291647));
#215 = CARTESIAN_POINT('',(43.355552128716,26.150669388324,
    9.288491009615));
#216 = CARTESIAN_POINT('',(33.544596870918,20.544454773273,
    4.169442432904));
#217 = CARTESIAN_POINT('',(43.199664224859,26.504756021349,
    9.352370732579));
#218 = CARTESIAN_POINT('',(33.51194226738,20.677540889691,4.221687240065
    ));
#219 = CARTESIAN_POINT('',(43.124134791432,26.675049250449,
    9.383459868594));
#220 = CARTESIAN_POINT('',(33.480548550634,20.810236987884,
    4.275629365304));
#221 = CARTESIAN_POINT('',(43.048176415114,26.845089763497,
    9.414886742895));
#222 = CARTESIAN_POINT('',(33.450642108469,20.942466406576,
    4.331439834757));
#223 = CARTESIAN_POINT('',(42.971805352986,27.014879315063,
    9.446667964207));
#224 = CARTESIAN_POINT('',(33.422469630453,21.074154798615,4.3893115586)
  );
#225 = CARTESIAN_POINT('',(42.895037862132,27.184419659715,
    9.478820141257));
#226 = CARTESIAN_POINT('',(33.372365307271,21.325784633475,
    4.504917556691));
#227 = CARTESIAN_POINT('',(42.74691962082,27.509450446945,9.541294221862
    ));
#228 = CARTESIAN_POINT('',(33.331885306244,21.57439349411,4.630629405398
    ));
#229 = CARTESIAN_POINT('',(42.597459940335,27.833575558349,
    9.605258140475));
#230 = CARTESIAN_POINT('',(33.31511578809,21.692670126945,4.693495311138
    ));
#231 = CARTESIAN_POINT('',(42.525558107065,27.988674571836,
    9.636268698903));
#232 = CARTESIAN_POINT('',(33.301528296636,21.80987563502,4.759388988421
    ));
#233 = CARTESIAN_POINT('',(42.453387232573,28.143571655925,
    9.667661948418));
#234 = CARTESIAN_POINT('',(33.291882444467,21.92564222051,4.828812856676
    ));
#235 = CARTESIAN_POINT('',(42.380966782015,28.298269809776,
    9.699458213875));
#236 = CARTESIAN_POINT('',(33.287221751842,22.039347817902,
    4.902375078981));
#237 = CARTESIAN_POINT('',(42.308316220552,28.452772032544,
    9.731677820127));
#238 = CARTESIAN_POINT('',(33.28983673746,22.207191193591,5.021301267294
    ));
#239 = CARTESIAN_POINT('',(42.197715883541,28.687007234305,
    9.781259332957));
#240 = CARTESIAN_POINT('',(33.311180435783,22.363547307817,
    5.152267021747));
#241 = CARTESIAN_POINT('',(42.086675028215,28.920804792983,9.83190997271
    ));
#242 = CARTESIAN_POINT('',(33.3208864021,22.415304496305,5.198418344937)
  );
#243 = CARTESIAN_POINT('',(42.048738733925,29.00053114309,9.849322147431
    ));
#244 = CARTESIAN_POINT('',(33.333282797659,22.465153600203,5.24607935421
    ));
#245 = CARTESIAN_POINT('',(42.010760028889,29.080207992864,
    9.866868092999));
#246 = CARTESIAN_POINT('',(33.348661626301,22.512713035014,
    5.295272924913));
#247 = CARTESIAN_POINT('',(41.972743352859,29.159836069878,9.88455245476
    ));
#248 = CARTESIAN_POINT('',(33.367337685587,22.557518199087,
    5.345985853234));
#249 = CARTESIAN_POINT('',(41.934693145588,29.239416101709,
    9.902379878058));
#250 = CARTESIAN_POINT('',(33.406503310292,22.630357154442,
    5.437577730328));
#251 = CARTESIAN_POINT('',(41.867834692222,29.379057178044,9.9339400549)
  );
#252 = CARTESIAN_POINT('',(33.457925232829,22.690842977369,
    5.533213923727));
#253 = CARTESIAN_POINT('',(41.800900244336,29.518554630123,
    9.965969891744));
#254 = CARTESIAN_POINT('',(33.482274354895,22.71420274636,5.574793433281
    ));
#255 = CARTESIAN_POINT('',(41.772076213793,29.578574871789,
    9.979846129997));
#256 = CARTESIAN_POINT('',(33.508713524942,22.734672285528,
    5.616504565038));
#257 = CARTESIAN_POINT('',(41.743241935656,29.638569130008,
    9.993813400489));
#258 = CARTESIAN_POINT('',(33.537078026324,22.752163906393,
    5.658115695278));
#259 = CARTESIAN_POINT('',(41.714399326501,29.698537718864,
    10.007873708548));
#260 = CARTESIAN_POINT('',(33.5671830254,22.76667996216,5.699439443756)
  );
#261 = CARTESIAN_POINT('',(41.685550302902,29.758480952441,10.0220290595
    ));
#262 = CARTESIAN_POINT('',(33.664828000909,22.802479066704,
    5.825566173269));
#263 = CARTESIAN_POINT('',(41.596545584855,29.943311141203,
    10.065993563846));
#264 = CARTESIAN_POINT('',(33.775431348449,22.811595638353,
    5.946447840894));
#265 = CARTESIAN_POINT('',(41.507516304717,30.127906040864,
    10.110900605267));
#266 = CARTESIAN_POINT('',(33.854397342404,22.806535640483,
    6.024702879907));
#267 = CARTESIAN_POINT('',(41.447367942871,30.252555849946,
    10.141711649601));
#268 = CARTESIAN_POINT('',(33.935942937929,22.792008271089,
    6.099106848307));
#269 = CARTESIAN_POINT('',(41.387269667936,30.37710677506,
    10.173016112969));
#270 = CARTESIAN_POINT('',(34.018863312743,22.769737636918,
    6.169671647032));
#271 = CARTESIAN_POINT('',(41.327252132528,30.501563106381,
    10.204845460951));
#272 = CARTESIAN_POINT('',(34.102386251568,22.741156282607,
    6.236642959453));
#273 = CARTESIAN_POINT('',(41.267345989262,30.625929134086,
    10.237231159123));
#274 = CARTESIAN_POINT('',(34.259977668095,22.677534666185,
    6.356655350637));
#275 = CARTESIAN_POINT('',(41.15478737235,30.859995854151,
    10.299332875986));
#276 = CARTESIAN_POINT('',(34.417236144362,22.598456923884,6.46641686758
    ));
#277 = CARTESIAN_POINT('',(41.042841334972,31.093772691406,
    10.363631262497));
#278 = CARTESIAN_POINT('',(34.490754123015,22.558546256969,
    6.515892182678));
#279 = CARTESIAN_POINT('',(40.990509246676,31.203363256782,
    10.394312896212));
#280 = CARTESIAN_POINT('',(34.563985147841,22.516231595966,
    6.563617750564));
#281 = CARTESIAN_POINT('',(40.938392603001,31.312897248546,
    10.425557474159));
#282 = CARTESIAN_POINT('',(34.636947245824,22.471792262602,6.60981625891
    ));
#283 = CARTESIAN_POINT('',(40.886531742899,31.422378266819,
    10.457404836191));
#284 = CARTESIAN_POINT('',(34.70965591778,22.425436763442,6.65465638372)
  );
#285 = CARTESIAN_POINT('',(40.834967005321,31.53180991172,10.48989482216
    ));
#286 = CARTESIAN_POINT('',(34.844914988291,22.335643473428,
    6.736063518244));
#287 = CARTESIAN_POINT('',(40.739320845118,31.736039673085,
    10.551829708227));
#288 = CARTESIAN_POINT('',(34.97914531105,22.240359891036,6.813457316625
    ));
#289 = CARTESIAN_POINT('',(40.644988175555,31.940122422898,
    10.616282476452));
#290 = CARTESIAN_POINT('',(35.041239220239,22.195032552167,
    6.848590010311));
#291 = CARTESIAN_POINT('',(40.601518647336,32.034866704829,
    10.646808130048));
#292 = CARTESIAN_POINT('',(35.10305821449,22.148725003106,6.882951880323
    ));
#293 = CARTESIAN_POINT('',(40.558442591463,32.129580020245,
    10.677978599128));
#294 = CARTESIAN_POINT('',(35.164559929127,22.101533652885,
    6.916569829909));
#295 = CARTESIAN_POINT('',(40.51581510681,32.224262738547,
    10.709844781292));
#296 = CARTESIAN_POINT('',(35.225706098151,22.053550281747,
    6.949471541267));
#297 = CARTESIAN_POINT('',(40.473691292251,32.318915229137,
    10.742457574139));
#298 = CARTESIAN_POINT('',(35.338027614276,21.963543522499,
    7.009025914815));
#299 = CARTESIAN_POINT('',(40.396875167684,32.493786778154,10.8042029618
    ));
#300 = CARTESIAN_POINT('',(35.449136314338,21.871249244914,
    7.066441665359));
#301 = CARTESIAN_POINT('',(40.322155679627,32.668557609201,
    10.868846039539));
#302 = CARTESIAN_POINT('',(35.49987754027,21.828443578363,7.092370487132
    ));
#303 = CARTESIAN_POINT('',(40.288385370068,32.748731722412,
    10.899186132365));
#304 = CARTESIAN_POINT('',(35.550394991221,21.785204183195,
    7.117916877042));
#305 = CARTESIAN_POINT('',(40.255210764625,32.828869878251,
    10.930266498014));
#306 = CARTESIAN_POINT('',(35.600727489727,21.741534693952,7.14312372377
    ));
#307 = CARTESIAN_POINT('',(40.222708948847,32.908964703187,
    10.962152159006));
#308 = CARTESIAN_POINT('',(35.650924670189,21.697425946221,
    7.168035774782));
#309 = CARTESIAN_POINT('',(40.190957008283,32.989008823688,
    10.994908137861));
#310 = CARTESIAN_POINT('',(35.716161294378,21.639408921035,7.20013450864
    ));
#311 = CARTESIAN_POINT('',(40.150691436604,33.093153878901,
    11.03877559512));
#312 = CARTESIAN_POINT('',(35.781218650833,21.580665496727,
    7.231799179639));
#313 = CARTESIAN_POINT('',(40.111958502848,33.197187973597,
    11.084338976698));
#314 = CARTESIAN_POINT('',(35.796300332379,21.567000009834,
    7.239121315618));
#315 = CARTESIAN_POINT('',(40.103061387256,33.221313884904,
    11.095003707172));
#316 = CARTESIAN_POINT('',(35.811371263945,21.553296874024,
    7.246420013097));
#317 = CARTESIAN_POINT('',(40.094257683267,33.245431044558,
    11.105767538173));
#318 = CARTESIAN_POINT('',(35.826430112524,21.539557290735,
    7.253694775171));
#319 = CARTESIAN_POINT('',(40.085552859341,33.26953806225,
    11.116634389222));
#320 = CARTESIAN_POINT('',(35.841474852111,21.525782910254,
    7.260944715929));
#321 = CARTESIAN_POINT('',(40.076952383943,33.293633547671,
    11.12760817984));
#322 = CARTESIAN_POINT('',(35.882618873564,21.48798126673,7.280722448793
    ));
#323 = CARTESIAN_POINT('',(40.053706074665,33.359568446597,
    11.157956497128));
#324 = CARTESIAN_POINT('',(35.923606275025,21.449957368129,
    7.300289755785));
#325 = CARTESIAN_POINT('',(40.031323936594,33.425396057159,
    11.189165186392));
#326 = CARTESIAN_POINT('',(35.949561719875,21.425733361403,
    7.312628084094));
#327 = CARTESIAN_POINT('',(40.017493706513,33.467129766772,
    11.209342202523));
#328 = CARTESIAN_POINT('',(35.97545730405,21.401422401646,7.324886897505
    ));
#329 = CARTESIAN_POINT('',(40.004069064732,33.508805654154,
    11.22990701638));
#330 = CARTESIAN_POINT('',(36.001294436866,21.377025768032,
    7.337068596625));
#331 = CARTESIAN_POINT('',(39.991078713522,33.550416422002,
    11.250880200318));
#332 = CARTESIAN_POINT('',(36.027074402801,21.352544724776,
    7.349175441899));
#333 = CARTESIAN_POINT('',(39.978551355154,33.591954773012,
    11.272282326696));
#334 = CARTESIAN_POINT('',(36.08550259505,21.296750766589,7.376509170157
    ));
#335 = CARTESIAN_POINT('',(39.951214126532,33.686121933569,
    11.321915097055));
#336 = CARTESIAN_POINT('',(36.143647408974,21.240534118138,
    7.403478090138));
#337 = CARTESIAN_POINT('',(39.926561648931,33.779840198571,
    11.373973065951));
#338 = CARTESIAN_POINT('',(36.176106425712,21.208937869064,
    7.418463337531));
#339 = CARTESIAN_POINT('',(39.913759802096,33.832086415991,
    11.403958254534));
#340 = CARTESIAN_POINT('',(36.20848077693,21.177214198894,7.433342239816
    ));
#341 = CARTESIAN_POINT('',(39.902110764557,33.884051184458,
    11.434876812877));
#342 = CARTESIAN_POINT('',(36.240772150495,21.145365537872,
    7.448118333517));
#343 = CARTESIAN_POINT('',(39.891770372429,33.935664099369,
    11.466815516446));
#344 = CARTESIAN_POINT('',(36.272982028605,21.113394262091,
    7.462794902188));
#345 = CARTESIAN_POINT('',(39.882894461828,33.986854756119,
    11.499861140707));
#346 = CARTESIAN_POINT('',(36.330860178051,21.055584772058,
    7.489059373032));
#347 = CARTESIAN_POINT('',(39.869824296874,34.078181701826,
    11.561539568416));
#348 = CARTESIAN_POINT('',(36.388481826514,20.997392258327,
    7.515020055011));
#349 = CARTESIAN_POINT('',(39.862517772298,34.167681487117,
    11.62737314199));
#350 = CARTESIAN_POINT('',(36.414066005487,20.971429300685,
    7.526510622427));
#351 = CARTESIAN_POINT('',(39.860603271619,34.206967622861,
    11.657526270978));
#352 = CARTESIAN_POINT('',(36.439600536813,20.945392840829,
    7.537943917239));
#353 = CARTESIAN_POINT('',(39.860220033255,34.245555455699,
    11.688588057965));
#354 = CARTESIAN_POINT('',(36.465085890563,20.919283993395,
    7.549321245988));
#355 = CARTESIAN_POINT('',(39.861563339936,34.28327664318,
    11.720601654162));
#356 = CARTESIAN_POINT('',(36.490522487327,20.89310384781,7.560643845256
    ));
#357 = CARTESIAN_POINT('',(39.864828474394,34.319962842853,
    11.75361021078));
#358 = CARTESIAN_POINT('',(36.537421283189,20.844612407858,
    7.581460767007));
#359 = CARTESIAN_POINT('',(39.874770913737,34.385509149087,
    11.816503471114));
#360 = CARTESIAN_POINT('',(36.584156146745,20.795884844608,
    7.602098735721));
#361 = CARTESIAN_POINT('',(39.892604146444,34.446374769644,
    11.883086424675));
#362 = CARTESIAN_POINT('',(36.605557256698,20.773486442875,
    7.611527568196));
#363 = CARTESIAN_POINT('',(39.902488688724,34.473111695858,
    11.914282407362));
#364 = CARTESIAN_POINT('',(36.626924273852,20.751039618152,
    7.620920080405));
#365 = CARTESIAN_POINT('',(39.914123577205,34.498473951921,
    11.946016350064));
#366 = CARTESIAN_POINT('',(36.648257368055,20.728544975568,
    7.630276892698));
#367 = CARTESIAN_POINT('',(39.927553997619,34.522266537282,
    11.978169135083));
#368 = CARTESIAN_POINT('',(36.669556694196,20.706003107016,
    7.639598600079));
#369 = CARTESIAN_POINT('',(39.942825135694,34.544294451392,
    12.010621644724));
#370 = CARTESIAN_POINT('',(36.71184856601,20.661080503045,7.658068341478
    ));
#371 = CARTESIAN_POINT('',(39.976945968836,34.584204895652,
    12.075520311977));
#372 = CARTESIAN_POINT('',(36.754007959785,20.615975642733,
    7.676403677316));
#373 = CARTESIAN_POINT('',(40.018704399517,34.615593454477,
    12.140662173594));
#374 = CARTESIAN_POINT('',(36.774935648539,20.593506439808,7.68548673234
    ));
#375 = CARTESIAN_POINT('',(40.041175039509,34.629140421948,
    12.172981434742));
#376 = CARTESIAN_POINT('',(36.795830833307,20.570993268338,
    7.694537608515));
#377 = CARTESIAN_POINT('',(40.065177203434,34.640676947624,
    12.205106187973));
#378 = CARTESIAN_POINT('',(36.816693620151,20.548436650066,
    7.703556798237));
#379 = CARTESIAN_POINT('',(40.090532737188,34.650251014128,
    12.236909123404));
#380 = CARTESIAN_POINT('',(36.83752410732,20.525837094415,7.712544776633
    ));
#381 = CARTESIAN_POINT('',(40.117063486664,34.657910604083,
    12.26826293115));
#382 = CARTESIAN_POINT('',(36.882343582167,20.477044482714,
    7.731847247596));
#383 = CARTESIAN_POINT('',(40.176384838525,34.670394498527,
    12.334586955223));
#384 = CARTESIAN_POINT('',(36.927013887989,20.42805703883,7.751008975199
    ));
#385 = CARTESIAN_POINT('',(40.239509078738,34.674433488821,
    12.397642877641));
#386 = CARTESIAN_POINT('',(36.950912420281,20.401746784386,
    7.761239044714));
#387 = CARTESIAN_POINT('',(40.274287864384,34.674370572432,
    12.430527418208));
#388 = CARTESIAN_POINT('',(36.974768360018,20.375382038936,
    7.771430030154));
#389 = CARTESIAN_POINT('',(40.30986842133,34.67227816843,12.462529592031
    ));
#390 = CARTESIAN_POINT('',(36.998581822701,20.348963507872,
    7.781582567124));
#391 = CARTESIAN_POINT('',(40.346105450825,34.668354420295,
    12.493677592166));
#392 = CARTESIAN_POINT('',(37.022352918156,20.322491876088,
    7.791697270059));
#393 = CARTESIAN_POINT('',(40.382853654115,34.662797471508,
    12.523999611671));
#394 = CARTESIAN_POINT('',(37.075089454129,20.263543027159,
    7.814094095423));
#395 = CARTESIAN_POINT('',(40.465338445977,34.647257973234,
    12.589616224961));
#396 = CARTESIAN_POINT('',(37.127617753127,20.204338366882,
    7.836309838544));
#397 = CARTESIAN_POINT('',(40.548912742851,34.625608916812,
    12.651431536278));
#398 = CARTESIAN_POINT('',(37.156448099364,20.17169665894,7.848475863779
    ));
#399 = CARTESIAN_POINT('',(40.595156872601,34.612003908502,
    12.684357104998));
#400 = CARTESIAN_POINT('',(37.185215811815,20.138979868876,
    7.860589173497));
#401 = CARTESIAN_POINT('',(40.64161963703,34.596853459885,
    12.716280957058));
#402 = CARTESIAN_POINT('',(37.213921068875,20.106189090287,
    7.872650749516));
#403 = CARTESIAN_POINT('',(40.688245536219,34.580309087617,
    12.747277284424));
#404 = CARTESIAN_POINT('',(37.242564048438,20.073325376352,
    7.884661542953));
#405 = CARTESIAN_POINT('',(40.734979070247,34.562522308349,
    12.777420279056));
#406 = CARTESIAN_POINT('',(37.305849682987,20.000397164815,
    7.911146216864));
#407 = CARTESIAN_POINT('',(40.83857492254,34.520722152085,
    12.842439622287));
#408 = CARTESIAN_POINT('',(37.368831741173,19.92712111981,7.937390837487
    ));
#409 = CARTESIAN_POINT('',(40.942154276337,34.474316276777,
    12.904002624157));
#410 = CARTESIAN_POINT('',(37.403279050827,19.886834945443,
    7.951712354542));
#411 = CARTESIAN_POINT('',(40.99893060306,34.447587995499,
    12.936792452745));
#412 = CARTESIAN_POINT('',(37.437635722968,19.846447588863,
    7.965964843711));
#413 = CARTESIAN_POINT('',(41.055662273008,34.419684568,12.968681159808)
  );
#414 = CARTESIAN_POINT('',(37.471902095888,19.805960643807,7.98014981034
    ));
#415 = CARTESIAN_POINT('',(41.112329438537,34.390710945591,
    12.999737886452));
#416 = CARTESIAN_POINT('',(37.506078517098,19.765375632936,
    7.994268716204));
#417 = CARTESIAN_POINT('',(41.168912252003,34.360772079582,
    13.030031773784));
#418 = CARTESIAN_POINT('',(37.580546340058,19.676500484916,
    8.024972385549));
#419 = CARTESIAN_POINT('',(41.292298319649,34.29348666345,
    13.094697860549));
#420 = CARTESIAN_POINT('',(37.654588289544,19.587170905434,
    8.055374152959));
#421 = CARTESIAN_POINT('',(41.415092346436,34.222596230983,
    13.156383123286));
#422 = CARTESIAN_POINT('',(37.694613730574,19.538599651835,
    8.071773372588));
#423 = CARTESIAN_POINT('',(41.481501566224,34.183164449495,
    13.189011464262));
#424 = CARTESIAN_POINT('',(37.734515170784,19.489899290158,
    8.088088343455));
#425 = CARTESIAN_POINT('',(41.547730487009,34.142811384564,
    13.220873963597));
#426 = CARTESIAN_POINT('',(37.77429324314,19.441071907252,8.104321220437
    ));
#427 = CARTESIAN_POINT('',(41.613776003211,34.101606416595,
    13.25202595166));
#428 = CARTESIAN_POINT('',(37.813948587656,19.392119490066,
    8.120474090897));
#429 = CARTESIAN_POINT('',(41.679635009248,34.059618925996,
    13.282522758819));
#430 = CARTESIAN_POINT('',(37.899125055752,19.286383644483,8.15510826948
    ));
#431 = CARTESIAN_POINT('',(41.82112314093,33.96761818207,13.346937313558
    ));
#432 = CARTESIAN_POINT('',(37.983737731528,19.180084614857,
    8.189389501496));
#433 = CARTESIAN_POINT('',(41.961716641842,33.87262903441,
    13.408824153769));
#434 = CARTESIAN_POINT('',(38.028917907568,19.122963607531,8.20766132103
    ));
#435 = CARTESIAN_POINT('',(42.03680139669,33.820917238461,
    13.441303835507));
#436 = CARTESIAN_POINT('',(38.073938133471,19.065686326943,
    8.225837687468));
#437 = CARTESIAN_POINT('',(42.111633879434,33.768442971978,
    13.473142559668));
#438 = CARTESIAN_POINT('',(38.118799353116,19.00825529969,8.24392137192)
  );
#439 = CARTESIAN_POINT('',(42.186216401906,33.715254064008,
    13.504382767668));
#440 = CARTESIAN_POINT('',(38.16350247386,18.950672944128,8.261915026094
    ));
#441 = CARTESIAN_POINT('',(42.260551275936,33.661398343594,
    13.535066900923));
#442 = CARTESIAN_POINT('',(38.258322956835,18.827785818188,
    8.300030116361));
#443 = CARTESIAN_POINT('',(42.4182584626,33.545443343986,13.599287907413
    ));
#444 = CARTESIAN_POINT('',(38.352434649772,18.70423371811,8.337759685462
    ));
#445 = CARTESIAN_POINT('',(42.574864516317,33.426900472963,
    13.661373967233));
#446 = CARTESIAN_POINT('',(38.402135347205,18.638541661237,
    8.357659303824));
#447 = CARTESIAN_POINT('',(42.657593051062,33.363354344062,
    13.693724825918));
#448 = CARTESIAN_POINT('',(38.451639017537,18.572668976486,
    8.377457287146));
#449 = CARTESIAN_POINT('',(42.740020567672,33.299148274839,
    13.725540499319));
#450 = CARTESIAN_POINT('',(38.500946629741,18.506618638463,
    8.397156718941));
#451 = CARTESIAN_POINT('',(42.822151332751,33.234316047342,
    13.756853483722));
#452 = CARTESIAN_POINT('',(38.550059046031,18.440393523796,
    8.416760496809));
#453 = CARTESIAN_POINT('',(42.903989612905,33.168891443615,
    13.787696275415));
#454 = CARTESIAN_POINT('',(38.653125806747,18.30049947461,8.457868486138
    ));
#455 = CARTESIAN_POINT('',(43.075809885867,33.029869463489,
    13.851757683236));
#456 = CARTESIAN_POINT('',(38.755332409857,18.159853950934,
    8.498575329003));
#457 = CARTESIAN_POINT('',(43.246369653413,32.888517761425,
    13.914020345222));
#458 = CARTESIAN_POINT('',(38.80879277266,18.085758445395,8.51985447358)
  );
#459 = CARTESIAN_POINT('',(43.335634173149,32.813636725539,
    13.946260222071));
#460 = CARTESIAN_POINT('',(38.862017397576,18.011462730953,
    8.541029615401));
#461 = CARTESIAN_POINT('',(43.424559712502,32.738162190502,
    13.978053751851));
#462 = CARTESIAN_POINT('',(38.915006944486,17.936970235007,
    8.562103787252));
#463 = CARTESIAN_POINT('',(43.513150743454,32.662118931333,
    14.009426005688));
#464 = CARTESIAN_POINT('',(38.967761995273,17.862284268387,8.58307984937
    ));
#465 = CARTESIAN_POINT('',(43.601411737987,32.585531723052,
    14.040402054706));
#466 = CARTESIAN_POINT('',(39.077465135224,17.705886959595,
    8.626694251844));
#467 = CARTESIAN_POINT('',(43.785086331111,32.424476237296,
    14.104327884869));
#468 = CARTESIAN_POINT('',(39.18615008364,17.548672817997,8.669904083222
    ));
#469 = CARTESIAN_POINT('',(43.96736004568,32.261263762017,
    14.166743895579));
#470 = CARTESIAN_POINT('',(39.242525486616,17.466508007295,
    8.692320417009));
#471 = CARTESIAN_POINT('',(44.061992538122,32.175623040483,
    14.19888721187));
#472 = CARTESIAN_POINT('',(39.298625738238,17.384128978126,
    8.714633542189));
#473 = CARTESIAN_POINT('',(44.156252697903,32.089433758106,
    14.230659507673));
#474 = CARTESIAN_POINT('',(39.354451685024,17.301539300867,
    8.736846699248));
#475 = CARTESIAN_POINT('',(44.250144664294,32.002714655718,
    14.262080377676));
#476 = CARTESIAN_POINT('',(39.410004334246,17.218742339622,
    8.758963135542));
#477 = CARTESIAN_POINT('',(44.343672576565,31.915484474148,
    14.293169416564));
#478 = CARTESIAN_POINT('',(39.524613634706,17.046662013364,
    8.804621895816));
#479 = CARTESIAN_POINT('',(44.536831232089,31.733615544092,
    14.356976796236));
#480 = CARTESIAN_POINT('',(39.638059389335,16.873716996902,
    8.849893417036));
#481 = CARTESIAN_POINT('',(44.728460664129,31.549710958714,
    14.419526319411));
#482 = CARTESIAN_POINT('',(39.696475722068,16.783962092312,
    8.873229058623));
#483 = CARTESIAN_POINT('',(44.827253534613,31.453979918061,
    14.45158422725));
#484 = CARTESIAN_POINT('',(39.754583920291,16.693982536083,
    8.896469221741));
#485 = CARTESIAN_POINT('',(44.925643857973,31.357732674168,
    14.483336153433));
#486 = CARTESIAN_POINT('',(39.812386130795,16.603781500632,
    8.919618111129));
#487 = CARTESIAN_POINT('',(45.023635255697,31.260983875413,
    14.514797642716));
#488 = CARTESIAN_POINT('',(39.869884556343,16.513361988877,
    8.942679870173));
#489 = CARTESIAN_POINT('',(45.121231349275,31.163748170172,
    14.545984239853));
#490 = CARTESIAN_POINT('',(39.959362772964,16.371572731425,
    8.978627359727));
#491 = CARTESIAN_POINT('',(45.273297726658,31.010894036425,
    14.594366764748));
#492 = CARTESIAN_POINT('',(40.048104954957,16.229263658177,
    9.014378685961));
#493 = CARTESIAN_POINT('',(45.424414386102,30.856919975702,
    14.642152621499));
#494 = CARTESIAN_POINT('',(40.080025438025,16.177854799386,
    9.027251951166));
#495 = CARTESIAN_POINT('',(45.478810573903,30.801225777744,
    14.659316866833));
#496 = CARTESIAN_POINT('',(40.111850425696,16.126379421039,
    9.040100732728));
#497 = CARTESIAN_POINT('',(45.533084091042,30.745389380499,
    14.676407242267));
#498 = CARTESIAN_POINT('',(40.143579907921,16.074838130732,
    9.052925418715));
#499 = CARTESIAN_POINT('',(45.587235409662,30.689412568968,
    14.693425643907));
#500 = CARTESIAN_POINT('',(40.175213711665,16.023231580868,
    9.065726265791));
#501 = CARTESIAN_POINT('',(45.641265001905,30.633297128155,
    14.710373967859));
#502 = CARTESIAN_POINT('',(40.234429559563,15.926212960996,
    9.089716776962));
#503 = CARTESIAN_POINT('',(45.742484315157,30.527676775602,
    14.742068441873));
#504 = CARTESIAN_POINT('',(40.293304352098,15.828969631527,
    9.113623060637));
#505 = CARTESIAN_POINT('',(45.843277816859,30.421580277959,
    14.773529229576));
#506 = CARTESIAN_POINT('',(40.320748761156,15.783468358225,
    9.124779119728));
#507 = CARTESIAN_POINT('',(45.89029705427,30.371886837173,
    14.788184561394));
#508 = CARTESIAN_POINT('',(40.348119086376,15.737918735821,9.13591758552
    ));
#509 = CARTESIAN_POINT('',(45.937223901808,30.322091784883,
    14.802791402514));
#510 = CARTESIAN_POINT('',(40.375415521224,15.692321119316,
    9.147038841691));
#511 = CARTESIAN_POINT('',(45.984058678619,30.272196327669,
    14.81735103462));
#512 = CARTESIAN_POINT('',(40.402638247482,15.646675854345,
    9.158143259693));
#513 = CARTESIAN_POINT('',(46.030801703851,30.222201672113,
    14.831864739393));
#514 = CARTESIAN_POINT('',(40.490643259847,15.498561827133,9.19408519137
    ));
#515 = CARTESIAN_POINT('',(46.182024416446,30.059824665164,
    14.878766682884));
#516 = CARTESIAN_POINT('',(40.577877277491,15.349954148124,
    9.229857653968));
#517 = CARTESIAN_POINT('',(46.332289752452,29.896430683975,
    14.925212977704));
#518 = CARTESIAN_POINT('',(40.637833105862,15.246959001276,
    9.254517359153));
#519 = CARTESIAN_POINT('',(46.435743774262,29.782966626425,
    14.957123251047));
#520 = CARTESIAN_POINT('',(40.697423671742,15.143735060286,
    9.279103640793));
#521 = CARTESIAN_POINT('',(46.538745455989,29.669035951244,
    14.988836349261));
#522 = CARTESIAN_POINT('',(40.756650386385,15.040285741572,
    9.303619957203));
#523 = CARTESIAN_POINT('',(46.64129752574,29.554648496902,
    15.020362625336));
#524 = CARTESIAN_POINT('',(40.815514533215,14.936614375969,
    9.328069589265));
#525 = CARTESIAN_POINT('',(46.74340271162,29.439814101868,
    15.051712432263));
#526 = CARTESIAN_POINT('',(40.934673829359,14.725009416477,
    9.377739517017));
#527 = CARTESIAN_POINT('',(46.950467378962,29.205027436749,
    15.115227827969));
#528 = CARTESIAN_POINT('',(41.052338595701,14.512510183417,
    9.427158302862));
#529 = CARTESIAN_POINT('',(47.155700733514,28.968468219425,
    15.178097022478));
#530 = CARTESIAN_POINT('',(41.111848345674,14.404112014139,
    9.452252590701));
#531 = CARTESIAN_POINT('',(47.259700107509,28.847599907703,
    15.209941117161));
#532 = CARTESIAN_POINT('',(41.170973274998,14.295489240342,
    9.477288380109));
#533 = CARTESIAN_POINT('',(47.363229895913,28.726289200497,
    15.24163531533));
#534 = CARTESIAN_POINT('',(41.229714526049,14.186645352099,
    9.502268779695));
#535 = CARTESIAN_POINT('',(47.466292569865,28.604544551012,
    15.273188390223));
#536 = CARTESIAN_POINT('',(41.288073222592,14.077583802717,
    9.527196810651));
#537 = CARTESIAN_POINT('',(47.568890600505,28.48237441245,
    15.304609115074));
#538 = CARTESIAN_POINT('',(41.405576417835,13.856113267978,9.57761858689
    ));
#539 = CARTESIAN_POINT('',(47.775890540518,28.233925550952,
    15.368039411399));
#540 = CARTESIAN_POINT('',(41.521517468695,13.633776552854,
    9.627849258847));
#541 = CARTESIAN_POINT('',(47.9810022308,27.983798411483,15.430998145132
    ));
#542 = CARTESIAN_POINT('',(41.579852354981,13.520924374295,
    9.653249697846));
#543 = CARTESIAN_POINT('',(48.084427530492,27.856663315,15.462779079719)
  );
#544 = CARTESIAN_POINT('',(41.637788784492,13.407857156029,9.67860729095
    ));
#545 = CARTESIAN_POINT('',(48.187372990843,27.729112499141,
    15.494454383309));
#546 = CARTESIAN_POINT('',(41.695327997702,13.294578447471,
    9.703925055353));
#547 = CARTESIAN_POINT('',(48.289840986101,27.601153455258,
    15.526031749745));
#548 = CARTESIAN_POINT('',(41.75247125633,13.181091738306,9.729205968282
    ));
#549 = CARTESIAN_POINT('',(48.391833890512,27.472793674703,
    15.55751887287));
#550 = CARTESIAN_POINT('',(41.866942268727,12.95175816461,9.78013323086)
  );
#551 = CARTESIAN_POINT('',(48.596616406414,27.213078152724,
    15.620866939327));
#552 = CARTESIAN_POINT('',(41.979812708437,12.721605841063,
    9.830934387152));
#553 = CARTESIAN_POINT('',(48.7994851291,26.951793022305,15.68391042299)
  );
#554 = CARTESIAN_POINT('',(42.036322432507,12.605346042772,
    9.856522057496));
#555 = CARTESIAN_POINT('',(48.901298247187,26.819646782955,
    15.715629922127));
#556 = CARTESIAN_POINT('',(42.092427949862,12.488885052091,
    9.882083767666));
#557 = CARTESIAN_POINT('',(49.00262964315,26.687115125687,
    15.747286054696));
#558 = CARTESIAN_POINT('',(42.148130682874,12.37222625425,9.907622529425
    ));
#559 = CARTESIAN_POINT('',(49.103481767681,26.55420489507,
    15.778885860807));
#560 = CARTESIAN_POINT('',(42.203432075665,12.255372960909,
    9.933141332268));
#561 = CARTESIAN_POINT('',(49.203857071473,26.420922935671,
    15.810436380573));
#562 = CARTESIAN_POINT('',(42.313671725692,12.020353051528,
    9.984347768458));
#563 = CARTESIAN_POINT('',(49.404453422319,26.15256639358,
    15.873703503866));
#564 = CARTESIAN_POINT('',(42.422305113354,11.784574902174,
    10.035497614215));
#565 = CARTESIAN_POINT('',(49.603147053747,25.882766280707,
    15.936828680511));
#566 = CARTESIAN_POINT('',(42.476433701956,11.666031116508,
    10.061162593716));
#567 = CARTESIAN_POINT('',(49.702410600398,25.746974629362,
    15.968487278259));
#568 = CARTESIAN_POINT('',(42.530160599635,11.547302740445,
    10.086819344772));
#569 = CARTESIAN_POINT('',(49.801200116768,25.610832117542,
    16.000123649139));
#570 = CARTESIAN_POINT('',(42.583487368669,11.428392936081,
    10.112470860533));
#571 = CARTESIAN_POINT('',(49.899518315357,25.474345193541,
    16.031744563877));
#572 = CARTESIAN_POINT('',(42.636415593575,11.309304835049,
    10.138120123657));
#573 = CARTESIAN_POINT('',(49.997367908665,25.337520305656,
    16.063356793197));
#574 = CARTESIAN_POINT('',(42.741420572753,11.070909057633,
    10.189391972048));
#575 = CARTESIAN_POINT('',(50.192028523244,25.063357898084,
    16.126542760039));
#576 = CARTESIAN_POINT('',(42.844846120144,10.831825823146,
    10.240678613217));
#577 = CARTESIAN_POINT('',(50.384838447739,24.787896646755,
    16.189748129711));
#578 = CARTESIAN_POINT('',(42.89613773746,10.712181221839,
    10.266314528687));
#579 = CARTESIAN_POINT('',(50.480731534161,24.649923495048,
    16.221345195956));
#580 = CARTESIAN_POINT('',(42.947038235504,10.592371176822,
    10.291960075373));
#581 = CARTESIAN_POINT('',(50.576168805191,24.51163853414,
    16.252960852686));
#582 = CARTESIAN_POINT('',(42.997549320418,10.472398826959,
    10.317618229625));
#583 = CARTESIAN_POINT('',(50.67115343565,24.373048036818,16.28460197245
    ));
#584 = CARTESIAN_POINT('',(43.047672743761,10.352267345866,
    10.343291983341));
#585 = CARTESIAN_POINT('',(50.765688600362,24.234158275871,
    16.316275427799));
#586 = CARTESIAN_POINT('',(43.146642481961,10.112914829253,
    10.394415656926));
#587 = CARTESIAN_POINT('',(50.952910281928,23.957207051083,
    16.379378512627));
#588 = CARTESIAN_POINT('',(43.24409185564,9.872957833582,10.445625142054
    ));
#589 = CARTESIAN_POINT('',(51.138377463883,23.679120578218,
    16.442664051981));
#590 = CARTESIAN_POINT('',(43.292193321358,9.753445588197,
    10.471123329045));
#591 = CARTESIAN_POINT('',(51.230207204626,23.540512779367,16.4741977429
    ));
#592 = CARTESIAN_POINT('',(43.339922261353,9.633790095912,
    10.496648713099));
#593 = CARTESIAN_POINT('',(51.321610507958,23.401636700434,
    16.505791301199));
#594 = CARTESIAN_POINT('',(43.38728062572,9.513994563417,10.52220434138)
  );
#595 = CARTESIAN_POINT('',(51.412591233461,23.262498661775,
    16.537452086089));
#596 = CARTESIAN_POINT('',(43.434270446511,9.394062198856,
    10.547793321844));
#597 = CARTESIAN_POINT('',(51.50315324072,23.123104983745,16.56918745678
    ));
#598 = CARTESIAN_POINT('',(43.526611993308,9.156261371235,
    10.598546801517));
#599 = CARTESIAN_POINT('',(51.6816972153,22.846530337706,16.632204314154
    ));
#600 = CARTESIAN_POINT('',(43.617524879772,8.917948142998,
    10.649456442592));
#601 = CARTESIAN_POINT('',(51.858628958925,22.569002477938,
    16.695571486255));
#602 = CARTESIAN_POINT('',(43.662187594482,8.799836927109,
    10.674703087194));
#603 = CARTESIAN_POINT('',(51.945837177918,22.431371867712,
    16.727038611397));
#604 = CARTESIAN_POINT('',(43.706504384917,8.681605736827,
    10.699994268315));
#605 = CARTESIAN_POINT('',(52.032659802554,22.293520858104,
    16.758608153019));
#606 = CARTESIAN_POINT('',(43.750477524803,8.563257146068,
    10.725333254565));
#607 = CARTESIAN_POINT('',(52.119101632591,22.155456076424,
    16.790288384375));
#608 = CARTESIAN_POINT('',(43.79410938255,8.444793445235,10.750723426826
    ));
#609 = CARTESIAN_POINT('',(52.205167467784,22.017184149986,
    16.822087578717));
#610 = CARTESIAN_POINT('',(43.860039408747,8.264215182658,
    10.789472862836));
#611 = CARTESIAN_POINT('',(52.335669981743,21.80630746017,16.87070764932
    ));
#612 = CARTESIAN_POINT('',(43.925189534858,8.083377199791,
    10.828357602093));
#613 = CARTESIAN_POINT('',(52.46532276685,21.594981108396,
    16.919641987915));
#614 = CARTESIAN_POINT('',(43.947467170198,8.021256267286,
    10.841725100515));
#615 = CARTESIAN_POINT('',(52.509739658264,21.522370597501,
    16.936482093725));
#616 = CARTESIAN_POINT('',(43.969653595662,7.959105029332,
    10.855109603051));
#617 = CARTESIAN_POINT('',(52.554058264608,21.449709348324,
    16.95336227553));
#618 = CARTESIAN_POINT('',(43.991749185148,7.896923565928,10.86851165266
    ));
#619 = CARTESIAN_POINT('',(52.598279529915,21.376998496676,
    16.970284047062));
#620 = CARTESIAN_POINT('',(44.013754317238,7.834711895231,
    10.881931803798));
#621 = CARTESIAN_POINT('',(52.642404398219,21.304239178373,
    16.987248922048));
#622 = CARTESIAN_POINT('',(44.054449173355,7.719132618749,10.90688682934
    ));
#623 = CARTESIAN_POINT('',(52.724164199964,21.169041898226,
    17.018834458605));
#624 = CARTESIAN_POINT('',(44.094834759627,7.603448528447,
    10.931908221729));
#625 = CARTESIAN_POINT('',(52.80559811497,21.033685327876,
    17.050579064283));
#626 = CARTESIAN_POINT('',(44.113406156043,7.55004245745,10.943469314698
    ));
#627 = CARTESIAN_POINT('',(52.843109304128,20.971187979808,
    17.065263343936));
#628 = CARTESIAN_POINT('',(44.131912079438,7.496617495621,
    10.955044861395));
#629 = CARTESIAN_POINT('',(52.880552279804,20.908658138416,
    17.079983404449));
#630 = CARTESIAN_POINT('',(44.150352760132,7.443174714676,
    10.966635110791));
#631 = CARTESIAN_POINT('',(52.917927636061,20.846096518446,
    17.094740198383));
#632 = CARTESIAN_POINT('',(44.168728446826,7.389714879372,
    10.978240355905));
#633 = CARTESIAN_POINT('',(52.955235966963,20.783503834644,
    17.109534678299));
#634 = CARTESIAN_POINT('',(44.225160133985,7.224908569206,
    11.014053247874));
#635 = CARTESIAN_POINT('',(53.070010047371,20.590508818624,
    17.155248177042));
#636 = CARTESIAN_POINT('',(44.280979660506,7.059948662157,
    11.050015067825));
#637 = CARTESIAN_POINT('',(53.184158817546,20.397232340952,
    17.201337705041));
#638 = CARTESIAN_POINT('',(44.318410019325,6.948448049329,
    11.074379169171));
#639 = CARTESIAN_POINT('',(53.260990910781,20.266550179098,
    17.23265543484));
#640 = CARTESIAN_POINT('',(44.355566279095,6.836880401459,
    11.098818186859));
#641 = CARTESIAN_POINT('',(53.33755299403,20.135756364331,
    17.264168240769));
#642 = CARTESIAN_POINT('',(44.392451338307,6.725244570046,
    11.123336109936));
#643 = CARTESIAN_POINT('',(53.413852735333,20.004859289497,
    17.295887864702));
#644 = CARTESIAN_POINT('',(44.429068205919,6.613539627167,
    11.147937032637));
#645 = CARTESIAN_POINT('',(53.489897802731,19.873867347444,
    17.327826048517));
#646 = CARTESIAN_POINT('',(44.499942126433,6.395617045147,
    11.196070570325));
#647 = CARTESIAN_POINT('',(53.637678879562,19.618307915753,
    17.390543924694));
#648 = CARTESIAN_POINT('',(44.569820628513,6.17743450331,11.244551267776
    ));
#649 = CARTESIAN_POINT('',(53.784550183916,19.362451680066,
    17.454181858682));
#650 = CARTESIAN_POINT('',(44.60362448573,6.071098533239,11.268251791428
    ));
#651 = CARTESIAN_POINT('',(53.855883980496,19.237765896708,
    17.485412307927));
#652 = CARTESIAN_POINT('',(44.637197764037,5.964703144371,
    11.292041888359));
#653 = CARTESIAN_POINT('',(53.927021477434,19.113030138385,
    17.516890276558));
#654 = CARTESIAN_POINT('',(44.670543395568,5.858250806492,
    11.315925211159));
#655 = CARTESIAN_POINT('',(53.997972450691,18.9882546273,17.548630378341
    ));
#656 = CARTESIAN_POINT('',(44.703664424406,5.751744783525,
    11.339905477993));
#657 = CARTESIAN_POINT('',(54.068746676231,18.863449585659,
    17.580647227041));
#658 = CARTESIAN_POINT('',(44.767405865086,5.545297743989,
    11.386561365165));
#659 = CARTESIAN_POINT('',(54.205544907442,18.621608282174,
    17.643242862193));
#660 = CARTESIAN_POINT('',(44.830328707053,5.338678889373,
    11.433610539703));
#661 = CARTESIAN_POINT('',(54.341753069057,18.379732871798,
    17.706987040936));
#662 = CARTESIAN_POINT('',(44.860585561013,5.238667770759,
    11.456471048066));
#663 = CARTESIAN_POINT('',(54.407532913309,18.262704555452,
    17.738117691019));
#664 = CARTESIAN_POINT('',(44.890656404003,5.138623417387,
    11.479430344772));
#665 = CARTESIAN_POINT('',(54.473199658004,18.145694504281,
    17.769554428875));
#666 = CARTESIAN_POINT('',(44.920544264913,5.038549485457,
    11.502492013459));
#667 = CARTESIAN_POINT('',(54.538765826611,18.028715843407,
    17.801315850464));
#668 = CARTESIAN_POINT('',(44.950252339822,4.938449496632,
    11.525659840223));
#669 = CARTESIAN_POINT('',(54.604243942596,17.911781697952,
    17.833420551744));
#670 = CARTESIAN_POINT('',(45.007062098604,4.745844393382,
    11.570439489509));
#671 = CARTESIAN_POINT('',(54.730058192547,17.6869476277,17.895876155151
    ));
#672 = CARTESIAN_POINT('',(45.063232350343,4.553165982101,
    11.615642719307));
#673 = CARTESIAN_POINT('',(54.855639284909,17.46237543146,
    17.959739724242));
#674 = CARTESIAN_POINT('',(45.090058753042,4.460633899776,
    11.637448787323));
#675 = CARTESIAN_POINT('',(54.915901350932,17.354621805657,
    17.990753560455));
#676 = CARTESIAN_POINT('',(45.116743520964,4.368089396126,
    11.659359458551));
#677 = CARTESIAN_POINT('',(54.976141887786,17.246964195802,
    18.02214028399));
#678 = CARTESIAN_POINT('',(45.143289797865,4.275534365693,
    11.681378509027));
#679 = CARTESIAN_POINT('',(55.036377009167,17.139420421175,
    18.053924028988));
#680 = CARTESIAN_POINT('',(45.16970090439,4.18297048505,11.703509938338)
  );
#681 = CARTESIAN_POINT('',(55.096622828771,17.032008301057,
    18.086128929591));
#682 = CARTESIAN_POINT('',(45.219838778945,4.006356305915,
    11.745956399957));
#683 = CARTESIAN_POINT('',(55.211615417793,16.827364682635,
    18.148421380168));
#684 = CARTESIAN_POINT('',(45.269510941442,3.829721002651,
    11.788843630848));
#685 = CARTESIAN_POINT('',(55.326764255338,16.623330008198,
    18.212422525882));
#686 = CARTESIAN_POINT('',(45.293045082326,3.745664313188,
    11.809354952107));
#687 = CARTESIAN_POINT('',(55.381614778401,16.526401972677,
    18.24329664198));
#688 = CARTESIAN_POINT('',(45.316479468849,3.661605083849,11.82997294945
    ));
#689 = CARTESIAN_POINT('',(55.436542348072,16.429662381683,
    18.274621367114));
#690 = CARTESIAN_POINT('',(45.339817170317,3.577544481098,
    11.850701312919));
#691 = CARTESIAN_POINT('',(55.491567797251,16.333136513059,
    18.306428547942));
#692 = CARTESIAN_POINT('',(45.363061415569,3.493483816444,
    11.871543911544));
#693 = CARTESIAN_POINT('',(55.546711958841,16.236849644644,
    18.338750031118));
#694 = CARTESIAN_POINT('',(45.406808737725,3.334663168545,
    11.911147231702));
#695 = CARTESIAN_POINT('',(55.651164506216,16.055425410784,
    18.400849844969));
#696 = CARTESIAN_POINT('',(45.450247395407,3.175854645189,
    11.951188023137));
#697 = CARTESIAN_POINT('',(55.756189571567,15.875034833241,
    18.465012987133));
#698 = CARTESIAN_POINT('',(45.470629359938,3.10110289452,11.97013631585)
  );
#699 = CARTESIAN_POINT('',(55.805781615595,15.790387144816,
    18.495716371276));
#700 = CARTESIAN_POINT('',(45.490948097675,3.026356715007,
    11.989187660682));
#701 = CARTESIAN_POINT('',(55.855554203292,15.706045179048,
    18.526962419338));
#702 = CARTESIAN_POINT('',(45.51120637923,2.951617918852,12.008345310656
    ));
#703 = CARTESIAN_POINT('',(55.905534175576,15.6220472755,18.558793861186
    ));
#704 = CARTESIAN_POINT('',(45.531407113382,2.876888627646,
    12.027612661844));
#705 = CARTESIAN_POINT('',(55.955748373365,15.538431773736,
    18.591253426685));
#706 = CARTESIAN_POINT('',(45.569032310876,2.737346307118,
    12.063807944931));
#707 = CARTESIAN_POINT('',(56.05001614231,15.383056966398,
    18.653127905871));
#708 = CARTESIAN_POINT('',(45.606478725564,2.597855500218,
    12.100411269856));
#709 = CARTESIAN_POINT('',(56.145288115359,15.22928340666,
    18.717491322515));
#710 = CARTESIAN_POINT('',(45.62383814727,2.533067382685,12.117506001608
    ));
#711 = CARTESIAN_POINT('',(56.189798026707,15.158252096516,
    18.747986256684));
#712 = CARTESIAN_POINT('',(45.641163299624,2.46829423603,12.134693768378
    ));
#713 = CARTESIAN_POINT('',(56.234593018399,15.087684960287,
    18.779133305757));
#714 = CARTESIAN_POINT('',(45.658456491602,2.403538277304,
    12.151977219507));
#715 = CARTESIAN_POINT('',(56.279707271576,15.017641301695,
    18.810989957434));
#716 = CARTESIAN_POINT('',(45.675720146325,2.338801904971,
    12.169359128599));
#717 = CARTESIAN_POINT('',(56.32517496738,14.948180424457,
    18.843613699412));
#718 = CARTESIAN_POINT('',(45.707476050633,2.219575888533,
    12.201569382969));
#719 = CARTESIAN_POINT('',(56.409656333387,14.821392395865,
    18.90523707896));
#720 = CARTESIAN_POINT('',(45.739149479305,2.100433986395,
    12.234134162682));
#721 = CARTESIAN_POINT('',(56.495569406024,14.696985048399,
    18.96985440021));
#722 = CARTESIAN_POINT('',(45.753615374345,2.045979829296,
    12.249099179826));
#723 = CARTESIAN_POINT('',(56.535189319286,14.640704424791,
    19.000100908352));
#724 = CARTESIAN_POINT('',(45.768067313752,1.991546466421,
    12.264142067954));
#725 = CARTESIAN_POINT('',(56.575188483803,14.585126398094,
    19.031126703782));
#726 = CARTESIAN_POINT('',(45.782507052211,1.93713555203,12.279264838293
    ));
#727 = CARTESIAN_POINT('',(56.615606880033,14.530353432663,
    19.063008496682));
#728 = CARTESIAN_POINT('',(45.796936427945,1.88274873283,12.294469603461
    ));
#729 = CARTESIAN_POINT('',(56.656484488435,14.476487992854,
    19.095822997235));
#730 = CARTESIAN_POINT('',(45.823124801853,1.784029142255,
    12.322234341876));
#731 = CARTESIAN_POINT('',(56.731624592929,14.380502708241,
    19.157247097181));
#732 = CARTESIAN_POINT('',(45.849292059491,1.685399183179,
    12.350284598596));
#733 = CARTESIAN_POINT('',(56.808542804761,14.288186121599,
    19.222253075078));
#734 = CARTESIAN_POINT('',(45.86104684193,1.641099901123,12.362947571998
    ));
#735 = CARTESIAN_POINT('',(56.843500107873,14.247610695488,
    19.25227563105));
#736 = CARTESIAN_POINT('',(45.87279961138,1.596820285088,12.375670810085
    ));
#737 = CARTESIAN_POINT('',(56.878888459829,14.208106388878,
    19.283200790441));
#738 = CARTESIAN_POINT('',(45.884551563118,1.552561027252,
    12.388455712777));
#739 = CARTESIAN_POINT('',(56.914743881003,14.169838397969,
    19.315118256089));
#740 = CARTESIAN_POINT('',(45.896303943794,1.508322726796,12.40130374883
    ));
#741 = CARTESIAN_POINT('',(56.951102391765,14.132971918963,
    19.348117730836));
#742 = CARTESIAN_POINT('',(45.917477166024,1.428672850876,
    12.424564014738));
#743 = CARTESIAN_POINT('',(57.017567774189,14.069384816958,
    19.409671862145));
#744 = CARTESIAN_POINT('',(45.938660423493,1.349093565998,
    12.448039433399));
#745 = CARTESIAN_POINT('',(57.085899366835,14.011417480303,
    19.475319092048));
#746 = CARTESIAN_POINT('',(45.94808668509,1.313706094092,12.458526114677
    ));
#747 = CARTESIAN_POINT('',(57.116647307382,13.987037330124,
    19.505392445138));
#748 = CARTESIAN_POINT('',(45.95751635876,1.278332857344,12.469057084752
    ));
#749 = CARTESIAN_POINT('',(57.147725879576,13.964359377163,
    19.536394882594));
#750 = CARTESIAN_POINT('',(45.966950195952,1.242973880103,
    12.479633252933));
#751 = CARTESIAN_POINT('',(57.1791157377,13.943678644131,19.568385934409
    ));
#752 = CARTESIAN_POINT('',(45.976388975764,1.20762909799,12.490255568395
    ));
#753 = CARTESIAN_POINT('',(57.210797536039,13.925290153744,
    19.601425130577));
#754 = CARTESIAN_POINT('',(45.993801770444,1.142490111028,
    12.509926744185));
#755 = CARTESIAN_POINT('',(57.269711556234,13.896157580478,
    19.664381401702));
#756 = CARTESIAN_POINT('',(46.011236967898,1.077397833237,
    12.529761685755));
#757 = CARTESIAN_POINT('',(57.329486418622,13.876822468652,
    19.731305228895));
#758 = CARTESIAN_POINT('',(46.019220678941,1.047620584421,
    12.538873264759));
#759 = CARTESIAN_POINT('',(57.356854239849,13.87020625256,
    19.762610125022));
#760 = CARTESIAN_POINT('',(46.027210105456,1.017852712422,
    12.548020408097));
#761 = CARTESIAN_POINT('',(57.384070323261,13.866001820397,
    19.794443995275));
#762 = CARTESIAN_POINT('',(46.035205783977,0.98809391772,12.557203787732
    ));
#763 = CARTESIAN_POINT('',(57.410968666913,13.864389237381,
    19.826655910423));
#764 = CARTESIAN_POINT('',(46.043208268412,0.958343826182,
    12.566424102055));
#765 = CARTESIAN_POINT('',(57.437383268862,13.865548568729,
    19.859094941233));
#766 = CARTESIAN_POINT('',(46.05934441377,0.898427849131,12.585074614203
    ));
#767 = CARTESIAN_POINT('',(57.489287468033,13.873830946953,
    19.924597972221));
#768 = CARTESIAN_POINT('',(46.075512901712,0.838543112815,12.60388103774
    ));
#769 = CARTESIAN_POINT('',(57.537881086281,13.894824258426,
    19.989797670777));
#770 = CARTESIAN_POINT('',(46.083664292759,0.80839206468,12.613392424616
    ));
#771 = CARTESIAN_POINT('',(57.561456165669,13.908363636643,
    20.022413341977));
#772 = CARTESIAN_POINT('',(46.091825141826,0.778247697494,
    12.622944964902));
#773 = CARTESIAN_POINT('',(57.584076819496,13.92461324294,
    20.054667180329));
#774 = CARTESIAN_POINT('',(46.099996108012,0.74810923512,12.632539513434
    ));
#775 = CARTESIAN_POINT('',(57.605685650499,13.943316315028,
    20.086416735064));
#776 = CARTESIAN_POINT('',(46.10817787277,0.717975784686,12.642176960558
    ));
#777 = CARTESIAN_POINT('',(57.626225261415,13.96421609062,
    20.117519555413));
#778 = CARTESIAN_POINT('',(46.122922013948,0.663756517574,12.65959883204
    ));
#779 = CARTESIAN_POINT('',(57.661159784374,14.005317150508,
    20.172070255231));
#780 = CARTESIAN_POINT('',(46.137705770133,0.609546417465,
    12.677165764231));
#781 = CARTESIAN_POINT('',(57.692260046305,14.051868943263,
    20.223603986101));
#782 = CARTESIAN_POINT('',(46.144282437265,0.585461898931,
    12.684999943506));
#783 = CARTESIAN_POINT('',(57.705358888645,14.073547093432,
    20.245928263493));
#784 = CARTESIAN_POINT('',(46.150867680491,0.561377946575,
    12.692863764389));
#785 = CARTESIAN_POINT('',(57.717776412215,14.096139293848,
    20.267703432353));
#786 = CARTESIAN_POINT('',(46.157461893238,0.537293849064,
    12.700757755031));
#787 = CARTESIAN_POINT('',(57.72955040986,14.119564567137,
    20.288952721646));
#788 = CARTESIAN_POINT('',(46.164065479794,0.513208829873,
    12.708682461445));
#789 = CARTESIAN_POINT('',(57.740718674426,14.143741935926,
    20.309699360332));
#790 = CARTESIAN_POINT('',(46.17418384471,0.476356410938,12.720855000779
    ));
#791 = CARTESIAN_POINT('',(57.756937009957,14.181759744211,
    20.340707895164));
#792 = CARTESIAN_POINT('',(46.184326125328,0.439497699464,
    12.733102130806));
#793 = CARTESIAN_POINT('',(57.771914348056,14.221158985606,
    20.370648549711));
#794 = CARTESIAN_POINT('',(46.187842376831,0.426731873219,12.73735341074
    ));
#795 = CARTESIAN_POINT('',(57.776959195413,14.234960540103,
    20.38089527587));
#796 = CARTESIAN_POINT('',(46.191361700715,0.413970357733,
    12.741613530819));
#797 = CARTESIAN_POINT('',(57.781866384892,14.248903746387,
    20.391020780758));
#798 = CARTESIAN_POINT('',(46.194884179638,0.401215107115,
    12.745882453695));
#799 = CARTESIAN_POINT('',(57.786641542496,14.262976549822,
    20.401028522337));
#800 = CARTESIAN_POINT('',(46.19840988701,0.388467744466,12.750160153929
    ));
#801 = CARTESIAN_POINT('',(57.791290294228,14.277166895776,
    20.410921958568));
#802 = CARTESIAN_POINT('',(46.215099416942,0.328225878244,
    12.770431910336));
#803 = CARTESIAN_POINT('',(57.812704201586,14.344775456679,
    20.457186259151));
#804 = CARTESIAN_POINT('',(46.231863992049,0.268214041281,
    12.790899631034));
#805 = CARTESIAN_POINT('',(57.831542600803,14.414473726789,
    20.501048709548));
#806 = CARTESIAN_POINT('',(46.245133510134,0.22109013939,12.807161201983
    ));
#807 = CARTESIAN_POINT('',(57.844920839766,14.470593608344,
    20.534256028255));
#808 = CARTESIAN_POINT('',(46.258454935087,0.174169627099,
    12.823546674604));
#809 = CARTESIAN_POINT('',(57.856946998614,14.527732714501,
    20.566196015479));
#810 = CARTESIAN_POINT('',(46.271830578432,0.127431208831,
    12.840060322135));
#811 = CARTESIAN_POINT('',(57.867745776959,14.585750955459,
    20.596981753933));
#812 = CARTESIAN_POINT('',(46.285263538625,8.084286699056E-02,
    12.856708147111));
#813 = CARTESIAN_POINT('',(57.877441874412,14.644508241413,
    20.626726326329));
#814 = CARTESIAN_POINT('',(46.315895138869,-2.46456315773E-02,
    12.894819133435));
#815 = CARTESIAN_POINT('',(57.897231652761,14.77924455746,
    20.692138614928));
#816 = CARTESIAN_POINT('',(46.346868637877,-0.129682192086,
    12.933700810759));
#817 = CARTESIAN_POINT('',(57.912624709458,14.916345278453,
    20.753351433341));
#818 = CARTESIAN_POINT('',(46.364314401231,-0.188364515328,
    12.955711556211));
#819 = CARTESIAN_POINT('',(57.919958586602,14.993708401946,
    20.786381249681));
#820 = CARTESIAN_POINT('',(46.381889988502,-0.247013913333,
    12.977999004193));
#821 = CARTESIAN_POINT('',(57.926112677958,15.071651967438,
    20.818292434189));
#822 = CARTESIAN_POINT('',(46.399610309732,-0.305650811815,
    13.000582823328));
#823 = CARTESIAN_POINT('',(57.931185176705,15.150096167018,
    20.849182887209));
#824 = CARTESIAN_POINT('',(46.417491625074,-0.364266759538,13.0234822964
    ));
#825 = CARTESIAN_POINT('',(57.935274276024,15.228961192777,
    20.879150509082));
#826 = CARTESIAN_POINT('',(46.457776521418,-0.494907228777,
    13.075309801252));
#827 = CARTESIAN_POINT('',(57.942421254184,15.405647447436,
    20.944159600231));
#828 = CARTESIAN_POINT('',(46.499032183872,-0.625068433745,
    13.128888746745));
#829 = CARTESIAN_POINT('',(57.945651978553,15.583633510317,
    21.005550916896));
#830 = CARTESIAN_POINT('',(46.5221211029,-0.696650913437,13.15901542504)
  );
#831 = CARTESIAN_POINT('',(57.946313204832,15.682185262931,
    21.038395586484));
#832 = CARTESIAN_POINT('',(46.545570595983,-0.767888566438,
    13.189740591992));
#833 = CARTESIAN_POINT('',(57.945924074766,15.781050209848,
    21.07028995269));
#834 = CARTESIAN_POINT('',(46.569413817853,-0.838656531444,
    13.221095811043));
#835 = CARTESIAN_POINT('',(57.94455544032,15.880187125271,
    21.101309467214));
#836 = CARTESIAN_POINT('',(46.59368524994,-0.908848770041,
    13.253115552997));
#837 = CARTESIAN_POINT('',(57.942278153462,15.979554783402,
    21.13152958176));
#838 = CARTESIAN_POINT('',(46.647996245468,-1.061506183799,
    13.324962246287));
#839 = CARTESIAN_POINT('',(57.935439616813,16.19811218601,
    21.196282378168));
#840 = CARTESIAN_POINT('',(46.704807677055,-1.210724897041,
    13.400497288294));
#841 = CARTESIAN_POINT('',(57.924904908757,16.417384251187,
    21.257909861002));
#842 = CARTESIAN_POINT('',(46.736567986655,-1.290850135774,
    13.442816266455));
#843 = CARTESIAN_POINT('',(57.918126205191,16.536960381566,
    21.290596424715));
#844 = CARTESIAN_POINT('',(46.769263579811,-1.369789399115,
    13.48645400227));
#845 = CARTESIAN_POINT('',(57.910357742176,16.656698209906,
    21.322472726831));
#846 = CARTESIAN_POINT('',(46.803035388965,-1.447492120723,
    13.531579610713));
#847 = CARTESIAN_POINT('',(57.901652521503,16.776572651136,
    21.353596900119));
#848 = CARTESIAN_POINT('',(46.838071216645,-1.523843520774,
    13.578415504995));
#849 = CARTESIAN_POINT('',(57.892063544966,16.896558620186,
    21.384027077346));
#850 = CARTESIAN_POINT('',(46.91723868605,-1.685659434948,
    13.684186972847));
#851 = CARTESIAN_POINT('',(57.869488830136,17.156699746364,
    21.448577512071));
#852 = CARTESIAN_POINT('',(47.00473430107,-1.83688945918,13.800628580236
    ));
#853 = CARTESIAN_POINT('',(57.843263442952,17.417128877842,
    21.510416151642));
#854 = CARTESIAN_POINT('',(47.054686375553,-1.914307028928,
    13.866876073637));
#855 = CARTESIAN_POINT('',(57.828124591126,17.557420649406,
    21.542970974806));
#856 = CARTESIAN_POINT('',(47.107958579896,-1.986253027693,
    13.937159248867));
#857 = CARTESIAN_POINT('',(57.812007662158,17.69776489608,
    21.574829624233));
#858 = CARTESIAN_POINT('',(47.165025885169,-2.050561288972,
    14.01190692112));
#859 = CARTESIAN_POINT('',(57.794952801976,17.838146107508,
    21.606037102276));
#860 = CARTESIAN_POINT('',(47.226223534229,-2.104297500438,
    14.091318888009));
#861 = CARTESIAN_POINT('',(57.777000156507,17.978548773336,
    21.636638411289));
#862 = CARTESIAN_POINT('',(47.318223168892,-2.16045065243,
    14.209378993141));
#863 = CARTESIAN_POINT('',(57.750471619194,18.176569966543,
    21.679004651048));
#864 = CARTESIAN_POINT('',(47.416064407166,-2.1842506014,14.332925843635
    ));
#865 = CARTESIAN_POINT('',(57.722317083389,18.374572132311,
    21.720344237411));
#866 = CARTESIAN_POINT('',(47.444949068529,-2.188274347451,
    14.369228728228));
#867 = CARTESIAN_POINT('',(57.713989575596,18.432177067544,
    21.73228637334));
#868 = CARTESIAN_POINT('',(47.474147975242,-2.189263820157,
    14.40574979035));
#869 = CARTESIAN_POINT('',(57.705527333901,18.489779388928,
    21.744144881537));
#870 = CARTESIAN_POINT('',(47.503521667389,-2.187130289554,
    14.442308771121));
#871 = CARTESIAN_POINT('',(57.696931809266,18.547378594848,
    21.755921399678));
#872 = CARTESIAN_POINT('',(47.532887542103,-2.181851468961,
    14.478676520259));
#873 = CARTESIAN_POINT('',(57.688204452652,18.604974183687,
    21.76761756544));
#874 = CARTESIAN_POINT('',(47.614045297329,-2.158576292441,
    14.57868893606));
#875 = CARTESIAN_POINT('',(57.663520118458,18.765467433181,
    21.799992541573));
#876 = CARTESIAN_POINT('',(47.690987233336,-2.113003815814,
    14.672194152025));
#877 = CARTESIAN_POINT('',(57.637834513856,18.925924801327,
    21.831768937767));
#878 = CARTESIAN_POINT('',(47.738474776349,-2.076487584087,
    14.729468858062));
#879 = CARTESIAN_POINT('',(57.620962611962,19.028785963391,
    21.851905951647));
#880 = CARTESIAN_POINT('',(47.784094681715,-2.034116380756,
    14.784144283177));
#881 = CARTESIAN_POINT('',(57.603695655382,19.131626652515,21.8718155812
    ));
#882 = CARTESIAN_POINT('',(47.827881569597,-1.987005489199,
    14.836346857247));
#883 = CARTESIAN_POINT('',(57.58604192068,19.234444007383,21.89150716805
    ));
#884 = CARTESIAN_POINT('',(47.869905892037,-1.936020412967,
    14.886229718254));
#885 = CARTESIAN_POINT('',(57.56800968442,19.337235166678,
    21.910990053818));
#886 = CARTESIAN_POINT('',(47.981045254176,-1.7867847902,15.017682105622
    ));
#887 = CARTESIAN_POINT('',(57.517325504556,19.620263225231,
    21.96410086886));
#888 = CARTESIAN_POINT('',(48.08026597526,-1.617289853148,
    15.134047708983));
#889 = CARTESIAN_POINT('',(57.463895709173,19.903049163302,
    22.015770274381));
#890 = CARTESIAN_POINT('',(48.13916920999,-1.503971303287,
    15.202939842731));
#891 = CARTESIAN_POINT('',(57.428776643911,20.083054359525,
    22.04812308114));
#892 = CARTESIAN_POINT('',(48.194414586511,-1.386762171761,
    15.26751904948));
#893 = CARTESIAN_POINT('',(57.392594157334,20.26294467819,
    22.079947776877));
#894 = CARTESIAN_POINT('',(48.24655094729,-1.266502446294,
    15.328540777233));
#895 = CARTESIAN_POINT('',(57.355373440008,20.442711790525,
    22.111272671391));
#896 = CARTESIAN_POINT('',(48.296003084433,-1.143740933857,
    15.386582404985));
#897 = CARTESIAN_POINT('',(57.317139682501,20.622347367756,
    22.14212607448));
#898 = CARTESIAN_POINT('',(48.395311756812,-0.880388135691,
    15.503623147739));
#899 = CARTESIAN_POINT('',(57.234412455925,21.000944361568,
    22.206268098882));
#900 = CARTESIAN_POINT('',(48.485118635364,-0.609148279324,
    15.610731530182));
#901 = CARTESIAN_POINT('',(57.147402519465,21.378882070938,
    22.268564427556));
#902 = CARTESIAN_POINT('',(48.530038011216,-0.46476514768,
    15.664747653191));
#903 = CARTESIAN_POINT('',(57.100481031992,21.577447080236,
    22.300838075351));
#904 = CARTESIAN_POINT('',(48.572842735612,-0.318958052107,
    15.716722614802));
#905 = CARTESIAN_POINT('',(57.052416735908,21.775815306122,
    22.332647138353));
#906 = CARTESIAN_POINT('',(48.61365076922,-0.17201993368,15.766828031331
    ));
#907 = CARTESIAN_POINT('',(57.003230446054,21.973979523669,
    22.364014549567));
#908 = CARTESIAN_POINT('',(48.652575664438,-2.415907303963E-02,
    15.81522364266));
#909 = CARTESIAN_POINT('',(56.952942977269,22.171932507951,
    22.394963241999));
#910 = CARTESIAN_POINT('',(48.730485095367,0.287464144588,15.91343811141
    ));
#911 = CARTESIAN_POINT('',(56.845268092298,22.58641451275,
    22.459006837482));
#912 = CARTESIAN_POINT('',(48.801232748678,0.602338704189,
    16.005610539416));
#913 = CARTESIAN_POINT('',(56.73293769487,22.999904897229,
    22.521412169588));
#914 = CARTESIAN_POINT('',(48.836438216303,0.767803437025,
    16.052377032088));
#915 = CARTESIAN_POINT('',(56.672940731892,23.215855722579,
    22.553616948413));
#916 = CARTESIAN_POINT('',(48.870021719745,0.934070826783,
    16.097924057441));
#917 = CARTESIAN_POINT('',(56.611706120467,23.431521519072,
    22.585411322902));
#918 = CARTESIAN_POINT('',(48.902135870712,1.101166289118,
    16.142442783845));
#919 = CARTESIAN_POINT('',(56.549251588898,23.646895357444,
    22.616814092155));
#920 = CARTESIAN_POINT('',(48.932849742589,1.269026347298,
    16.186025227274));
#921 = CARTESIAN_POINT('',(56.485594865488,23.861970308429,
    22.647844055271));
#922 = CARTESIAN_POINT('',(48.970826530522,1.487689995363,
    16.241323095095));
#923 = CARTESIAN_POINT('',(56.401363891914,24.140962938423,
    22.687693196959));
#924 = CARTESIAN_POINT('',(49.006286579528,1.706865177028,
    16.294904627481));
#925 = CARTESIAN_POINT('',(56.315164061938,24.419427812179,
    22.726976677927));
#926 = CARTESIAN_POINT('',(49.014315716059,1.757341532649,
    16.307147947075));
#927 = CARTESIAN_POINT('',(56.295217043992,24.483501703104,
    22.735990000827));
#928 = CARTESIAN_POINT('',(49.02221137257,1.807837252316,16.319300749295
    ));
#929 = CARTESIAN_POINT('',(56.275166348057,24.547547327583,
    22.74497400099));
#930 = CARTESIAN_POINT('',(49.029974806741,1.858350926645,
    16.331364730789));
#931 = CARTESIAN_POINT('',(56.255012301011,24.61156453557,
    22.753929004524));
#932 = CARTESIAN_POINT('',(49.037609038045,1.908884318567,
    16.343343579527));
#933 = CARTESIAN_POINT('',(56.23475522973,24.675553177017,
    22.762855337532));
#934 = CARTESIAN_POINT('',(49.064858877706,2.092320000315,
    16.386519724119));
#935 = CARTESIAN_POINT('',(56.160888033001,24.90760592949,
    22.795138095027));
#936 = CARTESIAN_POINT('',(49.090612657535,2.276285686793,
    16.428813882382));
#937 = CARTESIAN_POINT('',(56.085673325323,25.139278708108,
    22.827052045195));
#938 = CARTESIAN_POINT('',(49.108496648575,2.409793155721,
    16.459007297831));
#939 = CARTESIAN_POINT('',(56.030488668138,25.306894190494,
    22.84998205999));
#940 = CARTESIAN_POINT('',(49.125622763469,2.543522755995,
    16.488776217776));
#941 = CARTESIAN_POINT('',(55.974608816323,25.474304846928,
    22.872730394334));
#942 = CARTESIAN_POINT('',(49.142004177699,2.677453008728,
    16.518138781215));
#943 = CARTESIAN_POINT('',(55.91803970334,25.641507953755,
    22.895302967689));
#944 = CARTESIAN_POINT('',(49.157653655206,2.811565681465,
    16.547112344961));
#945 = CARTESIAN_POINT('',(55.860787262647,25.808500787318,
    22.917705699519));
#946 = CARTESIAN_POINT('',(49.194742529694,3.145144607178,
    16.618163587281));
#947 = CARTESIAN_POINT('',(55.716877173637,26.222817540688,
    22.972951655189));
#948 = CARTESIAN_POINT('',(49.227462779953,3.479669679167,
    16.687013113717));
#949 = CARTESIAN_POINT('',(55.568823286797,26.635803013872,
    23.027222526628));
#950 = CARTESIAN_POINT('',(49.245490806534,3.679828016223,
    16.727413234877));
#951 = CARTESIAN_POINT('',(55.478902370423,26.882061604395,
    23.059312059802));
#952 = CARTESIAN_POINT('',(49.262033799027,3.880246110308,
    16.767126034563));
#953 = CARTESIAN_POINT('',(55.387530775367,27.127829519635,
    23.091079573931));
#954 = CARTESIAN_POINT('',(49.277124837264,4.080896743952,16.80619461178
    ));
#955 = CARTESIAN_POINT('',(55.294722739511,27.373099026328,
    23.122538090685));
#956 = CARTESIAN_POINT('',(49.290794139941,4.2817569912,16.84465804949)
  );
#957 = CARTESIAN_POINT('',(55.200492500738,27.617862391211,
    23.153700631736));
#958 = CARTESIAN_POINT('',(49.316159749733,4.697212999921,
    16.922962788395));
#959 = CARTESIAN_POINT('',(55.002862472329,28.122587821917,
    23.217511257794));
#960 = CARTESIAN_POINT('',(49.335678504476,5.113400344953,
    16.998971081982));
#961 = CARTESIAN_POINT('',(54.799281021103,28.625085907224,
    23.280169232418));
#962 = CARTESIAN_POINT('',(49.344224746433,5.328356705202,
    17.037624206124));
#963 = CARTESIAN_POINT('',(54.692646216384,28.883810657064,
    23.312209407979));
#964 = CARTESIAN_POINT('',(49.351271186367,5.54346607102,17.075738950558
    ));
#965 = CARTESIAN_POINT('',(54.584453266761,29.141925192676,
    23.343964553714));
#966 = CARTESIAN_POINT('',(49.356841988434,5.75870995308,17.113345887397
    ));
#967 = CARTESIAN_POINT('',(54.474715629704,29.399421014652,
    23.375445649221));
#968 = CARTESIAN_POINT('',(49.360958822073,5.974070600021,
    17.150472300989));
#969 = CARTESIAN_POINT('',(54.363446762679,29.656289623583,
    23.406663674102));
#970 = CARTESIAN_POINT('',(49.36648101019,6.417622034843,17.22596288276)
  );
#971 = CARTESIAN_POINT('',(54.13126166986,30.183776381793,
    23.470410836498));
#972 = CARTESIAN_POINT('',(49.366000359098,6.861526537078,17.29961550528
    ));
#973 = CARTESIAN_POINT('',(53.892701401508,30.708533017918,
    23.533136186546));
#974 = CARTESIAN_POINT('',(49.364187040093,7.089873153898,
    17.337030904006));
#975 = CARTESIAN_POINT('',(53.768351886986,30.977651630935,23.5651310823
    ));
#976 = CARTESIAN_POINT('',(49.360826690885,7.318275201619,
    17.374010297361));
#977 = CARTESIAN_POINT('',(53.642342825672,31.246029568991,
    23.596874431487));
#978 = CARTESIAN_POINT('',(49.355936800091,7.546715135791,
    17.410575058638));
#979 = CARTESIAN_POINT('',(53.51468737296,31.51365747267,23.628375565346
    ));
#980 = CARTESIAN_POINT('',(49.34953364438,7.775176629758,17.446744859223
    ));
#981 = CARTESIAN_POINT('',(53.385398684243,31.780525982552,
    23.659643815116));
#982 = CARTESIAN_POINT('',(49.333324452604,8.243881611713,17.52017493388
    ));
#983 = CARTESIAN_POINT('',(53.116837704147,32.326432966636,
    23.723332399724));
#984 = CARTESIAN_POINT('',(49.310871978292,8.712555573695,
    17.592091782664));
#985 = CARTESIAN_POINT('',(52.841513652032,32.869065105244,
    23.786119389055));
#986 = CARTESIAN_POINT('',(49.297740544421,8.952752354574,
    17.628575460535));
#987 = CARTESIAN_POINT('',(52.69863149442,33.146323225249,
    23.818072292323));
#988 = CARTESIAN_POINT('',(49.283001683803,9.192910116853,
    17.664699940091));
#989 = CARTESIAN_POINT('',(52.553999075551,33.422700548237,
    23.849804320918));
#990 = CARTESIAN_POINT('',(49.266670465622,9.433015395647,
    17.700482457628));
#991 = CARTESIAN_POINT('',(52.4076296362,33.69818684694,23.881323467625)
  );
#992 = CARTESIAN_POINT('',(49.24876115197,9.673055578765,17.73593908096)
  );
#993 = CARTESIAN_POINT('',(52.259536417146,33.972771894091,
    23.912637725233));
#994 = CARTESIAN_POINT('',(49.208937326418,10.163771238027,
    17.807810525715));
#995 = CARTESIAN_POINT('',(51.953192717743,34.532425233111,
    23.976271693459));
#996 = CARTESIAN_POINT('',(49.162621657657,10.65410987634,
    17.878437616914));
#997 = CARTESIAN_POINT('',(51.639751106086,35.08822409969,
    24.039115688141));
#998 = CARTESIAN_POINT('',(49.137273618893,10.904557353455,
    17.914218193013));
#999 = CARTESIAN_POINT('',(51.477744431159,35.371216765708,
    24.071029251627));
#1000 = CARTESIAN_POINT('',(49.110257588691,11.154877297839,
    17.949703217468));
#1001 = CARTESIAN_POINT('',(51.313911651237,35.653180912695,
    24.102750346708));
#1002 = CARTESIAN_POINT('',(49.081585388825,11.405054292665,
    17.984905093293));
#1003 = CARTESIAN_POINT('',(51.148266400798,35.934105512127,
    24.1342858763));
#1004 = CARTESIAN_POINT('',(49.051267741473,11.655072024159,
    18.019834807885));
#1005 = CARTESIAN_POINT('',(50.980822314318,36.213979535477,
    24.165642743314));
#1006 = CARTESIAN_POINT('',(49.008341256643,11.990716445087,
    18.06640823596));
#1007 = CARTESIAN_POINT('',(50.753475318108,36.588543339658,
    24.207537621942));
#1008 = CARTESIAN_POINT('',(48.962482901217,12.326020814593,
    18.112528080789));
#1009 = CARTESIAN_POINT('',(50.522931010111,36.961171263122,
    24.249134968268));
#1010 = CARTESIAN_POINT('',(48.950568774295,12.411713396269,
    18.124288692281));
#1011 = CARTESIAN_POINT('',(50.463787533445,37.05630084053,
    24.25974945398));
#1012 = CARTESIAN_POINT('',(48.938463943213,12.497382762786,
    18.136020540914));
#1013 = CARTESIAN_POINT('',(50.404436146333,37.151303064953,
    24.270344930951));
#1014 = CARTESIAN_POINT('',(48.926168875826,12.583028505917,
    18.147724086193));
#1015 = CARTESIAN_POINT('',(50.344877364013,37.246177513771,
    24.280921616519));
#1016 = CARTESIAN_POINT('',(48.913684065452,12.66865030236,
    18.159399812414));
#1017 = CARTESIAN_POINT('',(50.285111701724,37.340923764366,
    24.291479728026));
#1018 = CARTESIAN_POINT('',(48.875344671955,12.927586321546,
    18.194636735108));
#1019 = CARTESIAN_POINT('',(50.10369410068,37.627145595744,
    24.323362876273));
#1020 = CARTESIAN_POINT('',(48.835279080806,13.186300610846,
    18.229629047616));
#1021 = CARTESIAN_POINT('',(49.920392802028,37.912186569878,
    24.355080033755));
#1022 = CARTESIAN_POINT('',(48.807687725141,13.359386386122,
    18.252947119622));
#1023 = CARTESIAN_POINT('',(49.796846368952,38.10246758779,
    24.376239728063));
#1024 = CARTESIAN_POINT('',(48.779329071135,13.532363442783,
    18.276161408447));
#1025 = CARTESIAN_POINT('',(49.672464350746,38.292212408446,
    24.397328646503));
#1026 = CARTESIAN_POINT('',(48.750206225799,13.705227450908,
    18.299274745125));
#1027 = CARTESIAN_POINT('',(49.547251026062,38.481417522313,
    24.418348593908));
#1028 = CARTESIAN_POINT('',(48.720322266772,13.87797425092,
    18.322289891859));
#1029 = CARTESIAN_POINT('',(49.421210673551,38.670079419864,
    24.439301375109));
#1030 = CARTESIAN_POINT('',(48.64238913098,14.31701996077,
    18.380582368901));
#1031 = CARTESIAN_POINT('',(49.098554529365,39.148520472911,
    24.492425209025));
#1032 = CARTESIAN_POINT('',(48.559571777559,14.755256174304,
    18.438273989398));
#1033 = CARTESIAN_POINT('',(48.770604039756,39.623402282145,
    24.54513792212));
#1034 = CARTESIAN_POINT('',(48.507529393896,15.020872641186,
    18.473070565184));
#1035 = CARTESIAN_POINT('',(48.569663838093,39.910245565379,
    24.576978775049));
#1036 = CARTESIAN_POINT('',(48.453710377644,15.286162898354,
    18.507664669205));
#1037 = CARTESIAN_POINT('',(48.366804225896,40.195753874139,
    24.608678840824));
#1038 = CARTESIAN_POINT('',(48.398125299848,15.551113595524,
    18.542065024311));
#1039 = CARTESIAN_POINT('',(48.162040256123,40.47991502452,
    24.640243418583));
#1040 = CARTESIAN_POINT('',(48.340784479359,15.815711657538,
    18.576279911531));
#1041 = CARTESIAN_POINT('',(47.955386981732,40.762716832614,
    24.67167780747));
#1042 = CARTESIAN_POINT('',(48.220973472835,16.351502050113,
    18.645298089262));
#1043 = CARTESIAN_POINT('',(47.532550959775,41.333379435819,
    24.735164793207));
#1044 = CARTESIAN_POINT('',(48.094025472248,16.885737461976,
    18.713616784605));
#1045 = CARTESIAN_POINT('',(47.102070545233,41.898352693809,
    24.79816006312));
#1046 = CARTESIAN_POINT('',(48.027861002596,17.156093953673,
    18.748071591364));
#1047 = CARTESIAN_POINT('',(46.881939817916,42.183227515439,
    24.829966743667));
#1048 = CARTESIAN_POINT('',(47.959884344747,17.426023652889,
    18.782362527289));
#1049 = CARTESIAN_POINT('',(46.659877245736,42.466615961301,
    24.861656563933));
#1050 = CARTESIAN_POINT('',(47.890105756422,17.695513150116,
    18.816496895022));
#1051 = CARTESIAN_POINT('',(46.43589876228,42.748505590628,
    24.893234250416));
#1052 = CARTESIAN_POINT('',(47.818535316506,17.964549204353,
    18.850481652325));
#1053 = CARTESIAN_POINT('',(46.210020301137,43.028883962653,
    24.924704529615));
#1054 = CARTESIAN_POINT('',(47.670178133217,18.507738589609,
    18.918927638668));
#1055 = CARTESIAN_POINT('',(45.74936430438,43.592875290569,
    24.988146369162));
#1056 = CARTESIAN_POINT('',(47.514571951849,19.048967074286,
    18.986814991524));
#1057 = CARTESIAN_POINT('',(45.281066579886,44.150582860287,
    25.051187515071));
#1058 = CARTESIAN_POINT('',(47.434059904699,19.322080575428,
    19.021000792284));
#1059 = CARTESIAN_POINT('',(45.042373270858,44.430924070417,
    25.082961039067));
#1060 = CARTESIAN_POINT('',(47.351715870464,19.594665575197,
    19.055057179392));
#1061 = CARTESIAN_POINT('',(44.801760398807,44.709634272369,
    25.114640702911));
#1062 = CARTESIAN_POINT('',(47.267550116164,19.866708756435,
    19.088990444528));
#1063 = CARTESIAN_POINT('',(44.559244795916,44.986701027084,
    25.146230785219));
#1064 = CARTESIAN_POINT('',(47.181572836025,20.138197034563,
    19.122806662887));
#1065 = CARTESIAN_POINT('',(44.314843294368,45.262111895503,
    25.177735564611));
#1066 = CARTESIAN_POINT('',(47.004478059761,20.684783210476,
    19.190807107527));
#1067 = CARTESIAN_POINT('',(43.817988749321,45.814391560047,
    25.241133459315));
#1068 = CARTESIAN_POINT('',(46.820092018395,21.229006832979,
    19.258378258989));
#1069 = CARTESIAN_POINT('',(43.313594931967,46.359829897513,
    25.30421897097));
#1070 = CARTESIAN_POINT('',(46.725254652079,21.502866687224,
    19.29235395051));
#1071 = CARTESIAN_POINT('',(43.057308589412,46.633164340542,
    25.33596005141));
#1072 = CARTESIAN_POINT('',(46.628583878261,21.776099139793,
    19.32623225962));
#1073 = CARTESIAN_POINT('',(42.799139925756,46.904734303194,
    25.367629566103));
#1074 = CARTESIAN_POINT('',(46.53009022198,22.048691257174,
    19.360018815776));
#1075 = CARTESIAN_POINT('',(42.539106623435,47.174527623745,
    25.399231460983));
#1076 = CARTESIAN_POINT('',(46.429784163567,22.320630260409,
    19.393719075244));
#1077 = CARTESIAN_POINT('',(42.277226364883,47.442532140472,
    25.430769681982));
#1078 = CARTESIAN_POINT('',(46.224277608092,22.866605217489,
    19.461382471393));
#1079 = CARTESIAN_POINT('',(41.746474385644,47.978303678239,
    25.494124511604));
#1080 = CARTESIAN_POINT('',(46.011513892278,23.409832409649,
    19.528738484686));
#1081 = CARTESIAN_POINT('',(41.208384167808,48.506730755877,
    25.557253384242));
#1082 = CARTESIAN_POINT('',(45.902637642777,23.682442992894,
    19.562555486625));
#1083 = CARTESIAN_POINT('',(40.935810295621,48.770732597664,
    25.588962535258));
#1084 = CARTESIAN_POINT('',(45.791945788805,23.954332000805,
    19.5963051576));
#1085 = CARTESIAN_POINT('',(40.661415565331,49.032851977918,
    25.620621892009));
#1086 = CARTESIAN_POINT('',(45.67944904726,24.225486595041,
    19.629992503737));
#1087 = CARTESIAN_POINT('',(40.385218384198,49.293077289673,
    25.652235157828));
#1088 = CARTESIAN_POINT('',(45.565158119871,24.495894055213,
    19.663622403884));
#1089 = CARTESIAN_POINT('',(40.107237159483,49.551396925964,
    25.683806036049));
#1090 = CARTESIAN_POINT('',(45.332097275669,25.037308497071,
    19.731040759853));
#1091 = CARTESIAN_POINT('',(39.54554526791,50.066216368836,
    25.747118194779));
#1092 = CARTESIAN_POINT('',(45.091890199449,25.575611734337,
    19.798266377737));
#1093 = CARTESIAN_POINT('',(38.97680943534,50.573259508424,
    25.810289328154));
#1094 = CARTESIAN_POINT('',(44.969527181115,25.845020405417,
    19.831967116369));
#1095 = CARTESIAN_POINT('',(38.689572850385,50.825803126169,
    25.841966575119));
#1096 = CARTESIAN_POINT('',(44.845385943074,26.113620890863,
    19.865629222241));
#1097 = CARTESIAN_POINT('',(38.400599459282,51.07636585886,
    25.873615496554));
#1098 = CARTESIAN_POINT('',(44.719477947586,26.381401953066,
    19.899257817394));
#1099 = CARTESIAN_POINT('',(38.109908256646,51.32493692487,
    25.905239696111));
#1100 = CARTESIAN_POINT('',(44.591815031545,26.648353411236,
    19.932858331496));
#1101 = CARTESIAN_POINT('',(37.817518237092,51.571505542569,
    25.936842777437));
#1102 = CARTESIAN_POINT('',(44.4624096353,26.914466727706,
    19.966436752304));
#1103 = CARTESIAN_POINT('',(37.523448395235,51.816060930329,
    25.968428344184));
#1104 = CARTESIAN_POINT('',(44.331275147094,27.179735904394,20.));
#1105 = CARTESIAN_POINT('',(37.227717725689,52.05859230652,26.));
#1106 = DEFINITIONAL_REPRESENTATION('',(#1107),#1111);
#1107 = LINE('',#1108,#1109);
#1108 = CARTESIAN_POINT('',(0.,0.));
#1109 = VECTOR('',#1110,1.);
#1110 = DIRECTION('',(0.,1.));
#1111 = ( GEOMETRIC_REPRESENTATION_CONTEXT(2) 
PARAMETRIC_REPRESENTATION_CONTEXT() REPRESENTATION_CONTEXT('2D SPACE',''
  ) );
#1112 = ORIENTED_EDGE('',*,*,#1113,.T.);
#1113 = EDGE_CURVE('',#22,#1114,#1116,.T.);
#1114 = VERTEX_POINT('',#1115);
#1115 = CARTESIAN_POINT('',(44.331275147094,27.179735904394,20.));
#1116 = SURFACE_CURVE('',#1117,(#1655),.PCURVE_S1.);
#1117 = B_SPLINE_CURVE_WITH_KNOTS('',8,(#1118,#1119,#1120,#1121,#1122,
    #1123,#1124,#1125,#1126,#1127,#1128,#1129,#1130,#1131,#1132,#1133,
    #1134,#1135,#1136,#1137,#1138,#1139,#1140,#1141,#1142,#1143,#1144,
    #1145,#1146,#1147,#1148,#1149,#1150,#1151,#1152,#1153,#1154,#1155,
    #1156,#1157,#1158,#1159,#1160,#1161,#1162,#1163,#1164,#1165,#1166,
    #1167,#1168,#1169,#1170,#1171,#1172,#1173,#1174,#1175,#1176,#1177,
    #1178,#1179,#1180,#1181,#1182,#1183,#1184,#1185,#1186,#1187,#1188,
    #1189,#1190,#1191,#1192,#1193,#1194,#1195,#1196,#1197,#1198,#1199,
    #1200,#1201,#1202,#1203,#1204,#1205,#1206,#1207,#1208,#1209,#1210,
    #1211,#1212,#1213,#1214,#1215,#1216,#1217,#1218,#1219,#1220,#1221,
    #1222,#1223,#1224,#1225,#1226,#1227,#1228,#1229,#1230,#1231,#1232,
    #1233,#1234,#1235,#1236,#1237,#1238,#1239,#1240,#1241,#1242,#1243,
    #1244,#1245,#1246,#1247,#1248,#1249,#1250,#1251,#1252,#1253,#1254,
    #1255,#1256,#1257,#1258,#1259,#1260,#1261,#1262,#1263,#1264,#1265,
    #1266,#1267,#1268,#1269,#1270,#1271,#1272,#1273,#1274,#1275,#1276,
    #1277,#1278,#1279,#1280,#1281,#1282,#1283,#1284,#1285,#1286,#1287,
    #1288,#1289,#1290,#1291,#1292,#1293,#1294,#1295,#1296,#1297,#1298,
    #1299,#1300,#1301,#1302,#1303,#1304,#1305,#1306,#1307,#1308,#1309,
    #1310,#1311,#1312,#1313,#1314,#1315,#1316,#1317,#1318,#1319,#1320,
    #1321,#1322,#1323,#1324,#1325,#1326,#1327,#1328,#1329,#1330,#1331,
    #1332,#1333,#1334,#1335,#1336,#1337,#1338,#1339,#1340,#1341,#1342,
    #1343,#1344,#1345,#1346,#1347,#1348,#1349,#1350,#1351,#1352,#1353,
    #1354,#1355,#1356,#1357,#1358,#1359,#1360,#1361,#1362,#1363,#1364,
    #1365,#1366,#1367,#1368,#1369,#1370,#1371,#1372,#1373,#1374,#1375,
    #1376,#1377,#1378,#1379,#1380,#1381,#1382,#1383,#1384,#1385,#1386,
    #1387,#1388,#1389,#1390,#1391,#1392,#1393,#1394,#1395,#1396,#1397,
    #1398,#1399,#1400,#1401,#1402,#1403,#1404,#1405,#1406,#1407,#1408,
    #1409,#1410,#1411,#1412,#1413,#1414,#1415,#1416,#1417,#1418,#1419,
    #1420,#1421,#1422,#1423,#1424,#1425,#1426,#1427,#1428,#1429,#1430,
    #1431,#1432,#1433,#1434,#1435,#1436,#1437,#1438,#1439,#1440,#1441,
    #1442,#1443,#1444,#1445,#1446,#1447,#1448,#1449,#1450,#1451,#1452,
    #1453,#1454,#1455,#1456,#1457,#1458,#1459,#1460,#1461,#1462,#1463,
    #1464,#1465,#1466,#1467,#1468,#1469,#1470,#1471,#1472,#1473,#1474,
    #1475,#1476,#1477,#1478,#1479,#1480,#1481,#1482,#1483,#1484,#1485,
    #1486,#1487,#1488,#1489,#1490,#1491,#1492,#1493,#1494,#1495,#1496,
    #1497,#1498,#1499,#1500,#1501,#1502,#1503,#1504,#1505,#1506,#1507,
    #1508,#1509,#1510,#1511,#1512,#1513,#1514,#1515,#1516,#1517,#1518,
    #1519,#1520,#1521,#1522,#1523,#1524,#1525,#1526,#1527,#1528,#1529,
    #1530,#1531,#1532,#1533,#1534,#1535,#1536,#1537,#1538,#1539,#1540,
    #1541,#1542,#1543,#1544,#1545,#1546,#1547,#1548,#1549,#1550,#1551,
    #1552,#1553,#1554,#1555,#1556,#1557,#1558,#1559,#1560,#1561,#1562,
    #1563,#1564,#1565,#1566,#1567,#1568,#1569,#1570,#1571,#1572,#1573,
    #1574,#1575,#1576,#1577,#1578,#1579,#1580,#1581,#1582,#1583,#1584,
    #1585,#1586,#1587,#1588,#1589,#1590,#1591,#1592,#1593,#1594,#1595,
    #1596,#1597,#1598,#1599,#1600,#1601,#1602,#1603,#1604,#1605,#1606,
    #1607,#1608,#1609,#1610,#1611,#1612,#1613,#1614,#1615,#1616,#1617,
    #1618,#1619,#1620,#1621,#1622,#1623,#1624,#1625,#1626,#1627,#1628,
    #1629,#1630,#1631,#1632,#1633,#1634,#1635,#1636,#1637,#1638,#1639,
    #1640,#1641,#1642,#1643,#1644,#1645,#1646,#1647,#1648,#1649,#1650,
    #1651,#1652,#1653,#1654),.UNSPECIFIED.,.F.,.F.,(9,6,6,6,6,6,6,6,6,6,
    6,6,6,6,6,6,6,6,6,6,6,6,6,6,6,6,6,6,6,6,6,6,6,6,6,6,6,6,6,6,6,6,6,6,
    6,6,6,6,6,6,6,6,6,6,6,6,6,6,6,6,6,6,6,6,6,6,6,6,6,6,6,6,6,6,6,6,6,6,
    6,6,6,6,6,6,6,6,6,6,6,9),(0.,2.080615535737E-02,4.16013044851E-02,
    6.228794790612E-02,8.27686361288E-02,0.10294662784,0.1227265523,
    0.127217159279,0.142015073541,0.160721554503,0.178758720126,
    0.19604331978,0.212496791628,0.226082574002,0.228045935038,
    0.242623602938,0.256169435873,0.26863067673,0.275085090596,
    0.27996313669,0.290132443402,0.299115824124,0.306904935804,
    0.313510837157,0.315506085947,0.318973566691,0.323381955503,
    0.326914801719,0.329908062997,0.332867609421,0.336285769317,
    0.340464354921,0.345538263656,0.351549075396,0.35848887153,
    0.366321143929,0.374990921328,0.384430088578,0.394560482827,
    0.400278056178,0.405295906501,0.416543587356,0.428205346746,
    0.44017861163,0.452357344092,0.464632930506,0.476895056078,
    0.489032582419,0.500934443104,0.507157668635,0.512490573971,
    0.52359290186,0.534136430574,0.544020492532,0.553150293816,
    0.561439003395,0.568810908462,0.57520679747,0.580594349189,
    0.584990569755,0.58851346363,0.591485696793,0.594501130253,
    0.596912099942,0.598189877328,0.602955027637,0.60900657976,
    0.616454326746,0.625356584025,0.635741381944,0.640002481288,
    0.647616016826,0.660971730958,0.675786233964,0.692025209719,
    0.696881232406,0.70964332658,0.728585001464,0.748785046064,
    0.770169264016,0.79265503706,0.816151921536,0.824221358515,
    0.840562267011,0.865781863168,0.891700617503,0.918203264135,
    0.945170102472,0.972477763406,1.),.UNSPECIFIED.);
#1118 = CARTESIAN_POINT('',(36.,0.,0.));
#1119 = CARTESIAN_POINT('',(36.028992599466,0.220289933322,
    3.623648939006E-02));
#1120 = CARTESIAN_POINT('',(36.056416133622,0.440795047246,
    7.244093918667E-02));
#1121 = CARTESIAN_POINT('',(36.082276655922,0.66149838559,0.10861923294)
  );
#1122 = CARTESIAN_POINT('',(36.106579651393,0.882384159194,
    0.144777183587));
#1123 = CARTESIAN_POINT('',(36.129330330261,1.103437351443,
    0.180920558716));
#1124 = CARTESIAN_POINT('',(36.150533819868,1.324643464604,
    0.217055102742));
#1125 = CARTESIAN_POINT('',(36.189846356902,1.767216167146,
    0.289298898086));
#1126 = CARTESIAN_POINT('',(36.223015220176,2.210288231791,
    0.361553357491));
#1127 = CARTESIAN_POINT('',(36.238065439414,2.431876573985,
    0.397679441891));
#1128 = CARTESIAN_POINT('',(36.251591235719,2.653562244283,
    0.433819702901));
#1129 = CARTESIAN_POINT('',(36.263598211196,2.875331815076,
    0.469979939239));
#1130 = CARTESIAN_POINT('',(36.274092203674,3.097171988554,
    0.506166002245));
#1131 = CARTESIAN_POINT('',(36.292019506116,3.539809369627,
    0.578412646373));
#1132 = CARTESIAN_POINT('',(36.303975892656,3.98262338518,0.650809540056
    ));
#1133 = CARTESIAN_POINT('',(36.308459765958,4.203482340173,
    0.686956584373));
#1134 = CARTESIAN_POINT('',(36.311471456738,4.424359679477,
    0.723152916376));
#1135 = CARTESIAN_POINT('',(36.313017724818,4.645242834214,
    0.759404645848));
#1136 = CARTESIAN_POINT('',(36.313105589872,4.866119393381,
    0.795718007076));
#1137 = CARTESIAN_POINT('',(36.31039265682,5.305635996897,0.868118541441
    ));
#1138 = CARTESIAN_POINT('',(36.30196285727,5.745030271743,0.940814356535
    ));
#1139 = CARTESIAN_POINT('',(36.296361433449,5.963586314622,
    0.977059858747));
#1140 = CARTESIAN_POINT('',(36.289360009103,6.182088856539,
    1.013391317999));
#1141 = CARTESIAN_POINT('',(36.280966476821,6.400526555233,
    1.049815437888));
#1142 = CARTESIAN_POINT('',(36.271189033309,6.618888251865,
    1.086339132856));
#1143 = CARTESIAN_POINT('',(36.249048224927,7.052211658655,1.15905859845
    ));
#1144 = CARTESIAN_POINT('',(36.221522019301,7.485149612922,
    1.232227970013));
#1145 = CARTESIAN_POINT('',(36.206543521136,7.699901739413,
    1.268658200923));
#1146 = CARTESIAN_POINT('',(36.190256034166,7.914538400136,
    1.305213704628));
#1147 = CARTESIAN_POINT('',(36.172668815478,8.129049557349,
    1.341902131516));
#1148 = CARTESIAN_POINT('',(36.153791547599,8.343425316144,
    1.378731456553));
#1149 = CARTESIAN_POINT('',(36.113874860403,8.7676602411,1.45195907769)
  );
#1150 = CARTESIAN_POINT('',(36.068980743199,9.191288441542,
    1.525806253283));
#1151 = CARTESIAN_POINT('',(36.045547631034,9.400834725952,
    1.562522064203));
#1152 = CARTESIAN_POINT('',(36.020915304921,9.61021447069,1.599406561124
    ));
#1153 = CARTESIAN_POINT('',(35.995094693371,9.819419020299,
    1.636468790383));
#1154 = CARTESIAN_POINT('',(35.968097199113,10.028439970924,
    1.673718267942));
#1155 = CARTESIAN_POINT('',(35.933540985333,10.284679478882,
    1.719666516441));
#1156 = CARTESIAN_POINT('',(35.897249156365,10.540619110875,
    1.765927793497));
#1157 = CARTESIAN_POINT('',(35.890475059774,10.587963480202,
    1.774498034967));
#1158 = CARTESIAN_POINT('',(35.883641834715,10.635297409033,
    1.78307924265));
#1159 = CARTESIAN_POINT('',(35.876749626587,10.68262081223,
    1.791671543977));
#1160 = CARTESIAN_POINT('',(35.86979858175,10.729933606273,
    1.800275068005));
#1161 = CARTESIAN_POINT('',(35.839689643447,10.933110509706,
    1.83727858387));
#1162 = CARTESIAN_POINT('',(35.808500639219,11.136088695341,
    1.874494009207));
#1163 = CARTESIAN_POINT('',(35.783943998765,11.291689354228,
    1.903174940234));
#1164 = CARTESIAN_POINT('',(35.758764731443,11.447164709673,
    1.931990629677));
#1165 = CARTESIAN_POINT('',(35.732968837264,11.602511721798,
    1.960946271703));
#1166 = CARTESIAN_POINT('',(35.706562414475,11.757727617473,
    1.990047290182));
#1167 = CARTESIAN_POINT('',(35.645406956629,12.108853601589,
    2.056277842928));
#1168 = CARTESIAN_POINT('',(35.581188960172,12.459280168218,
    2.123313855194));
#1169 = CARTESIAN_POINT('',(35.54439310673,12.654710158434,
    2.161005301068));
#1170 = CARTESIAN_POINT('',(35.506670744596,12.849911474982,
    2.198973072172));
#1171 = CARTESIAN_POINT('',(35.468037710205,13.044878633768,
    2.237231195157));
#1172 = CARTESIAN_POINT('',(35.428511140423,13.239606066236,
    2.275794786152));
#1173 = CARTESIAN_POINT('',(35.349153348509,13.621611984595,
    2.352174229579));
#1174 = CARTESIAN_POINT('',(35.266495598851,14.002651681954,
    2.42986345444));
#1175 = CARTESIAN_POINT('',(35.225142096905,14.189463527766,
    2.468331968947));
#1176 = CARTESIAN_POINT('',(35.183030049792,14.376033354986,
    2.507149024974));
#1177 = CARTESIAN_POINT('',(35.140179621028,14.562356996741,
    2.546333009803));
#1178 = CARTESIAN_POINT('',(35.096612349579,14.748430695426,
    2.58590383649));
#1179 = CARTESIAN_POINT('',(35.009937252888,15.112318452434,
    2.664194541853));
#1180 = CARTESIAN_POINT('',(34.920699464975,15.475222864973,
    2.744143706517));
#1181 = CARTESIAN_POINT('',(34.876439877614,15.652570846762,
    2.783684768558));
#1182 = CARTESIAN_POINT('',(34.831613076455,15.829678131178,
    2.823666905731));
#1183 = CARTESIAN_POINT('',(34.786245383834,16.006542373402,
    2.864115187215));
#1184 = CARTESIAN_POINT('',(34.740365826829,16.183161241512,
    2.905057266165));
#1185 = CARTESIAN_POINT('',(34.649876908817,16.527422492807,
    2.985996631296));
#1186 = CARTESIAN_POINT('',(34.557700002805,16.870729209857,
    3.069066181287));
#1187 = CARTESIAN_POINT('',(34.512376897777,17.037924601943,
    3.110114187474));
#1188 = CARTESIAN_POINT('',(34.466718535085,17.204888178926,
    3.151731523082));
#1189 = CARTESIAN_POINT('',(34.420763578917,17.371617250236,
    3.193954714109));
#1190 = CARTESIAN_POINT('',(34.374555194115,17.538108949473,
    3.23682453712));
#1191 = CARTESIAN_POINT('',(34.289817571183,17.841635811506,
    3.316356494098));
#1192 = CARTESIAN_POINT('',(34.204575793715,18.144354355105,
    3.398368531029));
#1193 = CARTESIAN_POINT('',(34.16595091917,18.281097525413,
    3.435996286404));
#1194 = CARTESIAN_POINT('',(34.127286228036,18.417673031824,
    3.474192213276));
#1195 = CARTESIAN_POINT('',(34.088617496264,18.554080294366,
    3.512991185496));
#1196 = CARTESIAN_POINT('',(34.049983484604,18.690319490379,
    3.552431524626));
#1197 = CARTESIAN_POINT('',(34.005853895145,18.846056633498,
    3.598353965899));
#1198 = CARTESIAN_POINT('',(33.96188355864,19.001579642825,3.6452327851)
  );
#1199 = CARTESIAN_POINT('',(33.956334788173,19.021213560738,
    3.651167889318));
#1200 = CARTESIAN_POINT('',(33.950789919472,19.04084357584,
    3.657119260905));
#1201 = CARTESIAN_POINT('',(33.945249470343,19.060469502349,
    3.663087286097));
#1202 = CARTESIAN_POINT('',(33.939713871971,19.08009118807,3.66907228759
    ));
#1203 = CARTESIAN_POINT('',(33.893121157911,19.245364254506,
    3.719640353278));
#1204 = CARTESIAN_POINT('',(33.846919462253,19.410320793475,
    3.771448876039));
#1205 = CARTESIAN_POINT('',(33.806627960805,19.555412326964,
    3.818165256637));
#1206 = CARTESIAN_POINT('',(33.766704025879,19.7002587129,3.865906561501
    ));
#1207 = CARTESIAN_POINT('',(33.72719323068,19.844898498501,3.91474436314
    ));
#1208 = CARTESIAN_POINT('',(33.688243191623,19.98932695093,
    3.964822158863));
#1209 = CARTESIAN_POINT('',(33.614567973448,20.267476044514,
    4.064155291647));
#1210 = CARTESIAN_POINT('',(33.544596870918,20.544454773273,
    4.169442432904));
#1211 = CARTESIAN_POINT('',(33.51194226738,20.677540889691,
    4.221687240065));
#1212 = CARTESIAN_POINT('',(33.480548550634,20.810236987884,
    4.275629365304));
#1213 = CARTESIAN_POINT('',(33.450642108469,20.942466406576,
    4.331439834757));
#1214 = CARTESIAN_POINT('',(33.422469630453,21.074154798615,4.3893115586
    ));
#1215 = CARTESIAN_POINT('',(33.372365307271,21.325784633475,
    4.504917556691));
#1216 = CARTESIAN_POINT('',(33.331885306244,21.57439349411,
    4.630629405398));
#1217 = CARTESIAN_POINT('',(33.31511578809,21.692670126945,
    4.693495311138));
#1218 = CARTESIAN_POINT('',(33.301528296636,21.80987563502,
    4.759388988421));
#1219 = CARTESIAN_POINT('',(33.291882444467,21.92564222051,
    4.828812856676));
#1220 = CARTESIAN_POINT('',(33.287221751842,22.039347817902,
    4.902375078981));
#1221 = CARTESIAN_POINT('',(33.28983673746,22.207191193591,
    5.021301267294));
#1222 = CARTESIAN_POINT('',(33.311180435783,22.363547307817,
    5.152267021747));
#1223 = CARTESIAN_POINT('',(33.3208864021,22.415304496305,5.198418344937
    ));
#1224 = CARTESIAN_POINT('',(33.333282797659,22.465153600203,
    5.24607935421));
#1225 = CARTESIAN_POINT('',(33.348661626301,22.512713035014,
    5.295272924913));
#1226 = CARTESIAN_POINT('',(33.367337685587,22.557518199087,
    5.345985853234));
#1227 = CARTESIAN_POINT('',(33.406503310292,22.630357154442,
    5.437577730328));
#1228 = CARTESIAN_POINT('',(33.457925232829,22.690842977369,
    5.533213923727));
#1229 = CARTESIAN_POINT('',(33.482274354895,22.71420274636,
    5.574793433281));
#1230 = CARTESIAN_POINT('',(33.508713524942,22.734672285528,
    5.616504565038));
#1231 = CARTESIAN_POINT('',(33.537078026324,22.752163906393,
    5.658115695278));
#1232 = CARTESIAN_POINT('',(33.5671830254,22.76667996216,5.699439443756)
  );
#1233 = CARTESIAN_POINT('',(33.664828000909,22.802479066704,
    5.825566173269));
#1234 = CARTESIAN_POINT('',(33.775431348449,22.811595638353,
    5.946447840894));
#1235 = CARTESIAN_POINT('',(33.854397342404,22.806535640483,
    6.024702879907));
#1236 = CARTESIAN_POINT('',(33.935942937929,22.792008271089,
    6.099106848307));
#1237 = CARTESIAN_POINT('',(34.018863312743,22.769737636918,
    6.169671647032));
#1238 = CARTESIAN_POINT('',(34.102386251568,22.741156282607,
    6.236642959453));
#1239 = CARTESIAN_POINT('',(34.259977668095,22.677534666185,
    6.356655350637));
#1240 = CARTESIAN_POINT('',(34.417236144362,22.598456923884,
    6.46641686758));
#1241 = CARTESIAN_POINT('',(34.490754123015,22.558546256969,
    6.515892182678));
#1242 = CARTESIAN_POINT('',(34.563985147841,22.516231595966,
    6.563617750564));
#1243 = CARTESIAN_POINT('',(34.636947245824,22.471792262602,
    6.60981625891));
#1244 = CARTESIAN_POINT('',(34.70965591778,22.425436763442,6.65465638372
    ));
#1245 = CARTESIAN_POINT('',(34.844914988291,22.335643473428,
    6.736063518244));
#1246 = CARTESIAN_POINT('',(34.97914531105,22.240359891036,
    6.813457316625));
#1247 = CARTESIAN_POINT('',(35.041239220239,22.195032552167,
    6.848590010311));
#1248 = CARTESIAN_POINT('',(35.10305821449,22.148725003106,
    6.882951880323));
#1249 = CARTESIAN_POINT('',(35.164559929127,22.101533652885,
    6.916569829909));
#1250 = CARTESIAN_POINT('',(35.225706098151,22.053550281747,
    6.949471541267));
#1251 = CARTESIAN_POINT('',(35.338027614276,21.963543522499,
    7.009025914815));
#1252 = CARTESIAN_POINT('',(35.449136314338,21.871249244914,
    7.066441665359));
#1253 = CARTESIAN_POINT('',(35.49987754027,21.828443578363,
    7.092370487132));
#1254 = CARTESIAN_POINT('',(35.550394991221,21.785204183195,
    7.117916877042));
#1255 = CARTESIAN_POINT('',(35.600727489727,21.741534693952,
    7.14312372377));
#1256 = CARTESIAN_POINT('',(35.650924670189,21.697425946221,
    7.168035774782));
#1257 = CARTESIAN_POINT('',(35.716161294378,21.639408921035,
    7.20013450864));
#1258 = CARTESIAN_POINT('',(35.781218650833,21.580665496727,
    7.231799179639));
#1259 = CARTESIAN_POINT('',(35.796300332379,21.567000009834,
    7.239121315618));
#1260 = CARTESIAN_POINT('',(35.811371263945,21.553296874024,
    7.246420013097));
#1261 = CARTESIAN_POINT('',(35.826430112524,21.539557290735,
    7.253694775171));
#1262 = CARTESIAN_POINT('',(35.841474852111,21.525782910254,
    7.260944715929));
#1263 = CARTESIAN_POINT('',(35.882618873564,21.48798126673,
    7.280722448793));
#1264 = CARTESIAN_POINT('',(35.923606275025,21.449957368129,
    7.300289755785));
#1265 = CARTESIAN_POINT('',(35.949561719875,21.425733361403,
    7.312628084094));
#1266 = CARTESIAN_POINT('',(35.97545730405,21.401422401646,
    7.324886897505));
#1267 = CARTESIAN_POINT('',(36.001294436866,21.377025768032,
    7.337068596625));
#1268 = CARTESIAN_POINT('',(36.027074402801,21.352544724776,
    7.349175441899));
#1269 = CARTESIAN_POINT('',(36.08550259505,21.296750766589,
    7.376509170157));
#1270 = CARTESIAN_POINT('',(36.143647408974,21.240534118138,
    7.403478090138));
#1271 = CARTESIAN_POINT('',(36.176106425712,21.208937869064,
    7.418463337531));
#1272 = CARTESIAN_POINT('',(36.20848077693,21.177214198894,
    7.433342239816));
#1273 = CARTESIAN_POINT('',(36.240772150495,21.145365537872,
    7.448118333517));
#1274 = CARTESIAN_POINT('',(36.272982028605,21.113394262091,
    7.462794902188));
#1275 = CARTESIAN_POINT('',(36.330860178051,21.055584772058,
    7.489059373032));
#1276 = CARTESIAN_POINT('',(36.388481826514,20.997392258327,
    7.515020055011));
#1277 = CARTESIAN_POINT('',(36.414066005487,20.971429300685,
    7.526510622427));
#1278 = CARTESIAN_POINT('',(36.439600536813,20.945392840829,
    7.537943917239));
#1279 = CARTESIAN_POINT('',(36.465085890563,20.919283993395,
    7.549321245988));
#1280 = CARTESIAN_POINT('',(36.490522487327,20.89310384781,
    7.560643845256));
#1281 = CARTESIAN_POINT('',(36.537421283189,20.844612407858,
    7.581460767007));
#1282 = CARTESIAN_POINT('',(36.584156146745,20.795884844608,
    7.602098735721));
#1283 = CARTESIAN_POINT('',(36.605557256698,20.773486442875,
    7.611527568196));
#1284 = CARTESIAN_POINT('',(36.626924273852,20.751039618152,
    7.620920080405));
#1285 = CARTESIAN_POINT('',(36.648257368055,20.728544975568,
    7.630276892698));
#1286 = CARTESIAN_POINT('',(36.669556694196,20.706003107016,
    7.639598600079));
#1287 = CARTESIAN_POINT('',(36.71184856601,20.661080503045,
    7.658068341478));
#1288 = CARTESIAN_POINT('',(36.754007959785,20.615975642733,
    7.676403677316));
#1289 = CARTESIAN_POINT('',(36.774935648539,20.593506439808,
    7.68548673234));
#1290 = CARTESIAN_POINT('',(36.795830833307,20.570993268338,
    7.694537608515));
#1291 = CARTESIAN_POINT('',(36.816693620151,20.548436650066,
    7.703556798237));
#1292 = CARTESIAN_POINT('',(36.83752410732,20.525837094415,
    7.712544776633));
#1293 = CARTESIAN_POINT('',(36.882343582167,20.477044482714,
    7.731847247596));
#1294 = CARTESIAN_POINT('',(36.927013887989,20.42805703883,
    7.751008975199));
#1295 = CARTESIAN_POINT('',(36.950912420281,20.401746784386,
    7.761239044714));
#1296 = CARTESIAN_POINT('',(36.974768360018,20.375382038936,
    7.771430030154));
#1297 = CARTESIAN_POINT('',(36.998581822701,20.348963507872,
    7.781582567124));
#1298 = CARTESIAN_POINT('',(37.022352918156,20.322491876088,
    7.791697270059));
#1299 = CARTESIAN_POINT('',(37.075089454129,20.263543027159,
    7.814094095423));
#1300 = CARTESIAN_POINT('',(37.127617753127,20.204338366882,
    7.836309838544));
#1301 = CARTESIAN_POINT('',(37.156448099364,20.17169665894,
    7.848475863779));
#1302 = CARTESIAN_POINT('',(37.185215811815,20.138979868876,
    7.860589173497));
#1303 = CARTESIAN_POINT('',(37.213921068875,20.106189090287,
    7.872650749516));
#1304 = CARTESIAN_POINT('',(37.242564048438,20.073325376352,
    7.884661542953));
#1305 = CARTESIAN_POINT('',(37.305849682987,20.000397164815,
    7.911146216864));
#1306 = CARTESIAN_POINT('',(37.368831741173,19.92712111981,
    7.937390837487));
#1307 = CARTESIAN_POINT('',(37.403279050827,19.886834945443,
    7.951712354542));
#1308 = CARTESIAN_POINT('',(37.437635722968,19.846447588863,
    7.965964843711));
#1309 = CARTESIAN_POINT('',(37.471902095888,19.805960643807,
    7.98014981034));
#1310 = CARTESIAN_POINT('',(37.506078517098,19.765375632936,
    7.994268716204));
#1311 = CARTESIAN_POINT('',(37.580546340058,19.676500484916,
    8.024972385549));
#1312 = CARTESIAN_POINT('',(37.654588289544,19.587170905434,
    8.055374152959));
#1313 = CARTESIAN_POINT('',(37.694613730574,19.538599651835,
    8.071773372588));
#1314 = CARTESIAN_POINT('',(37.734515170784,19.489899290158,
    8.088088343455));
#1315 = CARTESIAN_POINT('',(37.77429324314,19.441071907252,
    8.104321220437));
#1316 = CARTESIAN_POINT('',(37.813948587656,19.392119490066,
    8.120474090897));
#1317 = CARTESIAN_POINT('',(37.899125055752,19.286383644483,
    8.15510826948));
#1318 = CARTESIAN_POINT('',(37.983737731528,19.180084614857,
    8.189389501496));
#1319 = CARTESIAN_POINT('',(38.028917907568,19.122963607531,
    8.20766132103));
#1320 = CARTESIAN_POINT('',(38.073938133471,19.065686326943,
    8.225837687468));
#1321 = CARTESIAN_POINT('',(38.118799353116,19.00825529969,8.24392137192
    ));
#1322 = CARTESIAN_POINT('',(38.16350247386,18.950672944128,
    8.261915026094));
#1323 = CARTESIAN_POINT('',(38.258322956835,18.827785818188,
    8.300030116361));
#1324 = CARTESIAN_POINT('',(38.352434649772,18.70423371811,
    8.337759685462));
#1325 = CARTESIAN_POINT('',(38.402135347205,18.638541661237,
    8.357659303824));
#1326 = CARTESIAN_POINT('',(38.451639017537,18.572668976486,
    8.377457287146));
#1327 = CARTESIAN_POINT('',(38.500946629741,18.506618638463,
    8.397156718941));
#1328 = CARTESIAN_POINT('',(38.550059046031,18.440393523796,
    8.416760496809));
#1329 = CARTESIAN_POINT('',(38.653125806747,18.30049947461,
    8.457868486138));
#1330 = CARTESIAN_POINT('',(38.755332409857,18.159853950934,
    8.498575329003));
#1331 = CARTESIAN_POINT('',(38.80879277266,18.085758445395,8.51985447358
    ));
#1332 = CARTESIAN_POINT('',(38.862017397576,18.011462730953,
    8.541029615401));
#1333 = CARTESIAN_POINT('',(38.915006944486,17.936970235007,
    8.562103787252));
#1334 = CARTESIAN_POINT('',(38.967761995273,17.862284268387,
    8.58307984937));
#1335 = CARTESIAN_POINT('',(39.077465135224,17.705886959595,
    8.626694251844));
#1336 = CARTESIAN_POINT('',(39.18615008364,17.548672817997,
    8.669904083222));
#1337 = CARTESIAN_POINT('',(39.242525486616,17.466508007295,
    8.692320417009));
#1338 = CARTESIAN_POINT('',(39.298625738238,17.384128978126,
    8.714633542189));
#1339 = CARTESIAN_POINT('',(39.354451685024,17.301539300867,
    8.736846699248));
#1340 = CARTESIAN_POINT('',(39.410004334246,17.218742339622,
    8.758963135542));
#1341 = CARTESIAN_POINT('',(39.524613634706,17.046662013364,
    8.804621895816));
#1342 = CARTESIAN_POINT('',(39.638059389335,16.873716996902,
    8.849893417036));
#1343 = CARTESIAN_POINT('',(39.696475722068,16.783962092312,
    8.873229058623));
#1344 = CARTESIAN_POINT('',(39.754583920291,16.693982536083,
    8.896469221741));
#1345 = CARTESIAN_POINT('',(39.812386130795,16.603781500632,
    8.919618111129));
#1346 = CARTESIAN_POINT('',(39.869884556343,16.513361988877,
    8.942679870173));
#1347 = CARTESIAN_POINT('',(39.959362772964,16.371572731425,
    8.978627359727));
#1348 = CARTESIAN_POINT('',(40.048104954957,16.229263658177,
    9.014378685961));
#1349 = CARTESIAN_POINT('',(40.080025438025,16.177854799386,
    9.027251951166));
#1350 = CARTESIAN_POINT('',(40.111850425696,16.126379421039,
    9.040100732728));
#1351 = CARTESIAN_POINT('',(40.143579907921,16.074838130732,
    9.052925418715));
#1352 = CARTESIAN_POINT('',(40.175213711665,16.023231580868,
    9.065726265791));
#1353 = CARTESIAN_POINT('',(40.234429559563,15.926212960996,
    9.089716776962));
#1354 = CARTESIAN_POINT('',(40.293304352098,15.828969631527,
    9.113623060637));
#1355 = CARTESIAN_POINT('',(40.320748761156,15.783468358225,
    9.124779119728));
#1356 = CARTESIAN_POINT('',(40.348119086376,15.737918735821,
    9.13591758552));
#1357 = CARTESIAN_POINT('',(40.375415521224,15.692321119316,
    9.147038841691));
#1358 = CARTESIAN_POINT('',(40.402638247482,15.646675854345,
    9.158143259693));
#1359 = CARTESIAN_POINT('',(40.490643259847,15.498561827133,
    9.19408519137));
#1360 = CARTESIAN_POINT('',(40.577877277491,15.349954148124,
    9.229857653968));
#1361 = CARTESIAN_POINT('',(40.637833105862,15.246959001276,
    9.254517359153));
#1362 = CARTESIAN_POINT('',(40.697423671742,15.143735060286,
    9.279103640793));
#1363 = CARTESIAN_POINT('',(40.756650386385,15.040285741572,
    9.303619957203));
#1364 = CARTESIAN_POINT('',(40.815514533215,14.936614375969,
    9.328069589265));
#1365 = CARTESIAN_POINT('',(40.934673829359,14.725009416477,
    9.377739517017));
#1366 = CARTESIAN_POINT('',(41.052338595701,14.512510183417,
    9.427158302862));
#1367 = CARTESIAN_POINT('',(41.111848345674,14.404112014139,
    9.452252590701));
#1368 = CARTESIAN_POINT('',(41.170973274998,14.295489240342,
    9.477288380109));
#1369 = CARTESIAN_POINT('',(41.229714526049,14.186645352099,
    9.502268779695));
#1370 = CARTESIAN_POINT('',(41.288073222592,14.077583802717,
    9.527196810651));
#1371 = CARTESIAN_POINT('',(41.405576417835,13.856113267978,
    9.57761858689));
#1372 = CARTESIAN_POINT('',(41.521517468695,13.633776552854,
    9.627849258847));
#1373 = CARTESIAN_POINT('',(41.579852354981,13.520924374295,
    9.653249697846));
#1374 = CARTESIAN_POINT('',(41.637788784492,13.407857156029,
    9.67860729095));
#1375 = CARTESIAN_POINT('',(41.695327997702,13.294578447471,
    9.703925055353));
#1376 = CARTESIAN_POINT('',(41.75247125633,13.181091738306,
    9.729205968282));
#1377 = CARTESIAN_POINT('',(41.866942268727,12.95175816461,9.78013323086
    ));
#1378 = CARTESIAN_POINT('',(41.979812708437,12.721605841063,
    9.830934387152));
#1379 = CARTESIAN_POINT('',(42.036322432507,12.605346042772,
    9.856522057496));
#1380 = CARTESIAN_POINT('',(42.092427949862,12.488885052091,
    9.882083767666));
#1381 = CARTESIAN_POINT('',(42.148130682874,12.37222625425,
    9.907622529425));
#1382 = CARTESIAN_POINT('',(42.203432075665,12.255372960909,
    9.933141332268));
#1383 = CARTESIAN_POINT('',(42.313671725692,12.020353051528,
    9.984347768458));
#1384 = CARTESIAN_POINT('',(42.422305113354,11.784574902174,
    10.035497614215));
#1385 = CARTESIAN_POINT('',(42.476433701956,11.666031116508,
    10.061162593716));
#1386 = CARTESIAN_POINT('',(42.530160599635,11.547302740445,
    10.086819344772));
#1387 = CARTESIAN_POINT('',(42.583487368669,11.428392936081,
    10.112470860533));
#1388 = CARTESIAN_POINT('',(42.636415593575,11.309304835049,
    10.138120123657));
#1389 = CARTESIAN_POINT('',(42.741420572753,11.070909057633,
    10.189391972048));
#1390 = CARTESIAN_POINT('',(42.844846120144,10.831825823146,
    10.240678613217));
#1391 = CARTESIAN_POINT('',(42.89613773746,10.712181221839,
    10.266314528687));
#1392 = CARTESIAN_POINT('',(42.947038235504,10.592371176822,
    10.291960075373));
#1393 = CARTESIAN_POINT('',(42.997549320418,10.472398826959,
    10.317618229625));
#1394 = CARTESIAN_POINT('',(43.047672743761,10.352267345866,
    10.343291983341));
#1395 = CARTESIAN_POINT('',(43.146642481961,10.112914829253,
    10.394415656926));
#1396 = CARTESIAN_POINT('',(43.24409185564,9.872957833582,
    10.445625142054));
#1397 = CARTESIAN_POINT('',(43.292193321358,9.753445588197,
    10.471123329045));
#1398 = CARTESIAN_POINT('',(43.339922261353,9.633790095912,
    10.496648713099));
#1399 = CARTESIAN_POINT('',(43.38728062572,9.513994563417,10.52220434138
    ));
#1400 = CARTESIAN_POINT('',(43.434270446511,9.394062198856,
    10.547793321844));
#1401 = CARTESIAN_POINT('',(43.526611993308,9.156261371235,
    10.598546801517));
#1402 = CARTESIAN_POINT('',(43.617524879772,8.917948142998,
    10.649456442592));
#1403 = CARTESIAN_POINT('',(43.662187594482,8.799836927109,
    10.674703087194));
#1404 = CARTESIAN_POINT('',(43.706504384917,8.681605736827,
    10.699994268315));
#1405 = CARTESIAN_POINT('',(43.750477524803,8.563257146068,
    10.725333254565));
#1406 = CARTESIAN_POINT('',(43.79410938255,8.444793445235,
    10.750723426826));
#1407 = CARTESIAN_POINT('',(43.860039408747,8.264215182658,
    10.789472862836));
#1408 = CARTESIAN_POINT('',(43.925189534858,8.083377199791,
    10.828357602093));
#1409 = CARTESIAN_POINT('',(43.947467170198,8.021256267286,
    10.841725100515));
#1410 = CARTESIAN_POINT('',(43.969653595662,7.959105029332,
    10.855109603051));
#1411 = CARTESIAN_POINT('',(43.991749185148,7.896923565928,
    10.86851165266));
#1412 = CARTESIAN_POINT('',(44.013754317238,7.834711895231,
    10.881931803798));
#1413 = CARTESIAN_POINT('',(44.054449173355,7.719132618749,
    10.90688682934));
#1414 = CARTESIAN_POINT('',(44.094834759627,7.603448528447,
    10.931908221729));
#1415 = CARTESIAN_POINT('',(44.113406156043,7.55004245745,
    10.943469314698));
#1416 = CARTESIAN_POINT('',(44.131912079438,7.496617495621,
    10.955044861395));
#1417 = CARTESIAN_POINT('',(44.150352760132,7.443174714676,
    10.966635110791));
#1418 = CARTESIAN_POINT('',(44.168728446826,7.389714879372,
    10.978240355905));
#1419 = CARTESIAN_POINT('',(44.225160133985,7.224908569206,
    11.014053247874));
#1420 = CARTESIAN_POINT('',(44.280979660506,7.059948662157,
    11.050015067825));
#1421 = CARTESIAN_POINT('',(44.318410019325,6.948448049329,
    11.074379169171));
#1422 = CARTESIAN_POINT('',(44.355566279095,6.836880401459,
    11.098818186859));
#1423 = CARTESIAN_POINT('',(44.392451338307,6.725244570046,
    11.123336109936));
#1424 = CARTESIAN_POINT('',(44.429068205919,6.613539627167,
    11.147937032637));
#1425 = CARTESIAN_POINT('',(44.499942126433,6.395617045147,
    11.196070570325));
#1426 = CARTESIAN_POINT('',(44.569820628513,6.17743450331,
    11.244551267776));
#1427 = CARTESIAN_POINT('',(44.60362448573,6.071098533239,
    11.268251791428));
#1428 = CARTESIAN_POINT('',(44.637197764037,5.964703144371,
    11.292041888359));
#1429 = CARTESIAN_POINT('',(44.670543395568,5.858250806492,
    11.315925211159));
#1430 = CARTESIAN_POINT('',(44.703664424406,5.751744783525,
    11.339905477993));
#1431 = CARTESIAN_POINT('',(44.767405865086,5.545297743989,
    11.386561365165));
#1432 = CARTESIAN_POINT('',(44.830328707053,5.338678889373,
    11.433610539703));
#1433 = CARTESIAN_POINT('',(44.860585561013,5.238667770759,
    11.456471048066));
#1434 = CARTESIAN_POINT('',(44.890656404003,5.138623417387,
    11.479430344772));
#1435 = CARTESIAN_POINT('',(44.920544264913,5.038549485457,
    11.502492013459));
#1436 = CARTESIAN_POINT('',(44.950252339822,4.938449496632,
    11.525659840223));
#1437 = CARTESIAN_POINT('',(45.007062098604,4.745844393382,
    11.570439489509));
#1438 = CARTESIAN_POINT('',(45.063232350343,4.553165982101,
    11.615642719307));
#1439 = CARTESIAN_POINT('',(45.090058753042,4.460633899776,
    11.637448787323));
#1440 = CARTESIAN_POINT('',(45.116743520964,4.368089396126,
    11.659359458551));
#1441 = CARTESIAN_POINT('',(45.143289797865,4.275534365693,
    11.681378509027));
#1442 = CARTESIAN_POINT('',(45.16970090439,4.18297048505,11.703509938338
    ));
#1443 = CARTESIAN_POINT('',(45.219838778945,4.006356305915,
    11.745956399957));
#1444 = CARTESIAN_POINT('',(45.269510941442,3.829721002651,
    11.788843630848));
#1445 = CARTESIAN_POINT('',(45.293045082326,3.745664313188,
    11.809354952107));
#1446 = CARTESIAN_POINT('',(45.316479468849,3.661605083849,
    11.82997294945));
#1447 = CARTESIAN_POINT('',(45.339817170317,3.577544481098,
    11.850701312919));
#1448 = CARTESIAN_POINT('',(45.363061415569,3.493483816444,
    11.871543911544));
#1449 = CARTESIAN_POINT('',(45.406808737725,3.334663168545,
    11.911147231702));
#1450 = CARTESIAN_POINT('',(45.450247395407,3.175854645189,
    11.951188023137));
#1451 = CARTESIAN_POINT('',(45.470629359938,3.10110289452,11.97013631585
    ));
#1452 = CARTESIAN_POINT('',(45.490948097675,3.026356715007,
    11.989187660682));
#1453 = CARTESIAN_POINT('',(45.51120637923,2.951617918852,
    12.008345310656));
#1454 = CARTESIAN_POINT('',(45.531407113382,2.876888627646,
    12.027612661844));
#1455 = CARTESIAN_POINT('',(45.569032310876,2.737346307118,
    12.063807944931));
#1456 = CARTESIAN_POINT('',(45.606478725564,2.597855500218,
    12.100411269856));
#1457 = CARTESIAN_POINT('',(45.62383814727,2.533067382685,
    12.117506001608));
#1458 = CARTESIAN_POINT('',(45.641163299624,2.46829423603,
    12.134693768378));
#1459 = CARTESIAN_POINT('',(45.658456491602,2.403538277304,
    12.151977219507));
#1460 = CARTESIAN_POINT('',(45.675720146325,2.338801904971,
    12.169359128599));
#1461 = CARTESIAN_POINT('',(45.707476050633,2.219575888533,
    12.201569382969));
#1462 = CARTESIAN_POINT('',(45.739149479305,2.100433986395,
    12.234134162682));
#1463 = CARTESIAN_POINT('',(45.753615374345,2.045979829296,
    12.249099179826));
#1464 = CARTESIAN_POINT('',(45.768067313752,1.991546466421,
    12.264142067954));
#1465 = CARTESIAN_POINT('',(45.782507052211,1.93713555203,
    12.279264838293));
#1466 = CARTESIAN_POINT('',(45.796936427945,1.88274873283,
    12.294469603461));
#1467 = CARTESIAN_POINT('',(45.823124801853,1.784029142255,
    12.322234341876));
#1468 = CARTESIAN_POINT('',(45.849292059491,1.685399183179,
    12.350284598596));
#1469 = CARTESIAN_POINT('',(45.86104684193,1.641099901123,
    12.362947571998));
#1470 = CARTESIAN_POINT('',(45.87279961138,1.596820285088,
    12.375670810085));
#1471 = CARTESIAN_POINT('',(45.884551563118,1.552561027252,
    12.388455712777));
#1472 = CARTESIAN_POINT('',(45.896303943794,1.508322726796,
    12.40130374883));
#1473 = CARTESIAN_POINT('',(45.917477166024,1.428672850876,
    12.424564014738));
#1474 = CARTESIAN_POINT('',(45.938660423493,1.349093565998,
    12.448039433399));
#1475 = CARTESIAN_POINT('',(45.94808668509,1.313706094092,
    12.458526114677));
#1476 = CARTESIAN_POINT('',(45.95751635876,1.278332857344,
    12.469057084752));
#1477 = CARTESIAN_POINT('',(45.966950195952,1.242973880103,
    12.479633252933));
#1478 = CARTESIAN_POINT('',(45.976388975764,1.20762909799,
    12.490255568395));
#1479 = CARTESIAN_POINT('',(45.993801770444,1.142490111028,
    12.509926744185));
#1480 = CARTESIAN_POINT('',(46.011236967898,1.077397833237,
    12.529761685755));
#1481 = CARTESIAN_POINT('',(46.019220678941,1.047620584421,
    12.538873264759));
#1482 = CARTESIAN_POINT('',(46.027210105456,1.017852712422,
    12.548020408097));
#1483 = CARTESIAN_POINT('',(46.035205783977,0.98809391772,
    12.557203787732));
#1484 = CARTESIAN_POINT('',(46.043208268412,0.958343826182,
    12.566424102055));
#1485 = CARTESIAN_POINT('',(46.05934441377,0.898427849131,
    12.585074614203));
#1486 = CARTESIAN_POINT('',(46.075512901712,0.838543112815,
    12.60388103774));
#1487 = CARTESIAN_POINT('',(46.083664292759,0.80839206468,
    12.613392424616));
#1488 = CARTESIAN_POINT('',(46.091825141826,0.778247697494,
    12.622944964902));
#1489 = CARTESIAN_POINT('',(46.099996108012,0.74810923512,
    12.632539513434));
#1490 = CARTESIAN_POINT('',(46.10817787277,0.717975784686,
    12.642176960558));
#1491 = CARTESIAN_POINT('',(46.122922013948,0.663756517574,
    12.65959883204));
#1492 = CARTESIAN_POINT('',(46.137705770133,0.609546417465,
    12.677165764231));
#1493 = CARTESIAN_POINT('',(46.144282437265,0.585461898931,
    12.684999943506));
#1494 = CARTESIAN_POINT('',(46.150867680491,0.561377946575,
    12.692863764389));
#1495 = CARTESIAN_POINT('',(46.157461893238,0.537293849064,
    12.700757755031));
#1496 = CARTESIAN_POINT('',(46.164065479794,0.513208829873,
    12.708682461445));
#1497 = CARTESIAN_POINT('',(46.17418384471,0.476356410938,
    12.720855000779));
#1498 = CARTESIAN_POINT('',(46.184326125328,0.439497699464,
    12.733102130806));
#1499 = CARTESIAN_POINT('',(46.187842376831,0.426731873219,
    12.73735341074));
#1500 = CARTESIAN_POINT('',(46.191361700715,0.413970357733,
    12.741613530819));
#1501 = CARTESIAN_POINT('',(46.194884179638,0.401215107115,
    12.745882453695));
#1502 = CARTESIAN_POINT('',(46.19840988701,0.388467744466,
    12.750160153929));
#1503 = CARTESIAN_POINT('',(46.215099416942,0.328225878244,
    12.770431910336));
#1504 = CARTESIAN_POINT('',(46.231863992049,0.268214041281,
    12.790899631034));
#1505 = CARTESIAN_POINT('',(46.245133510134,0.22109013939,
    12.807161201983));
#1506 = CARTESIAN_POINT('',(46.258454935087,0.174169627099,
    12.823546674604));
#1507 = CARTESIAN_POINT('',(46.271830578432,0.127431208831,
    12.840060322135));
#1508 = CARTESIAN_POINT('',(46.285263538625,8.084286699056E-02,
    12.856708147111));
#1509 = CARTESIAN_POINT('',(46.315895138869,-2.46456315773E-02,
    12.894819133435));
#1510 = CARTESIAN_POINT('',(46.346868637877,-0.129682192086,
    12.933700810759));
#1511 = CARTESIAN_POINT('',(46.364314401231,-0.188364515328,
    12.955711556211));
#1512 = CARTESIAN_POINT('',(46.381889988502,-0.247013913333,
    12.977999004193));
#1513 = CARTESIAN_POINT('',(46.399610309732,-0.305650811815,
    13.000582823328));
#1514 = CARTESIAN_POINT('',(46.417491625074,-0.364266759538,
    13.0234822964));
#1515 = CARTESIAN_POINT('',(46.457776521418,-0.494907228777,
    13.075309801252));
#1516 = CARTESIAN_POINT('',(46.499032183872,-0.625068433745,
    13.128888746745));
#1517 = CARTESIAN_POINT('',(46.5221211029,-0.696650913437,13.15901542504
    ));
#1518 = CARTESIAN_POINT('',(46.545570595983,-0.767888566438,
    13.189740591992));
#1519 = CARTESIAN_POINT('',(46.569413817853,-0.838656531444,
    13.221095811043));
#1520 = CARTESIAN_POINT('',(46.59368524994,-0.908848770041,
    13.253115552997));
#1521 = CARTESIAN_POINT('',(46.647996245468,-1.061506183799,
    13.324962246287));
#1522 = CARTESIAN_POINT('',(46.704807677055,-1.210724897041,
    13.400497288294));
#1523 = CARTESIAN_POINT('',(46.736567986655,-1.290850135774,
    13.442816266455));
#1524 = CARTESIAN_POINT('',(46.769263579811,-1.369789399115,
    13.48645400227));
#1525 = CARTESIAN_POINT('',(46.803035388965,-1.447492120723,
    13.531579610713));
#1526 = CARTESIAN_POINT('',(46.838071216645,-1.523843520774,
    13.578415504995));
#1527 = CARTESIAN_POINT('',(46.91723868605,-1.685659434948,
    13.684186972847));
#1528 = CARTESIAN_POINT('',(47.00473430107,-1.83688945918,
    13.800628580236));
#1529 = CARTESIAN_POINT('',(47.054686375553,-1.914307028928,
    13.866876073637));
#1530 = CARTESIAN_POINT('',(47.107958579896,-1.986253027693,
    13.937159248867));
#1531 = CARTESIAN_POINT('',(47.165025885169,-2.050561288972,
    14.01190692112));
#1532 = CARTESIAN_POINT('',(47.226223534229,-2.104297500438,
    14.091318888009));
#1533 = CARTESIAN_POINT('',(47.318223168892,-2.16045065243,
    14.209378993141));
#1534 = CARTESIAN_POINT('',(47.416064407166,-2.1842506014,
    14.332925843635));
#1535 = CARTESIAN_POINT('',(47.444949068529,-2.188274347451,
    14.369228728228));
#1536 = CARTESIAN_POINT('',(47.474147975242,-2.189263820157,
    14.40574979035));
#1537 = CARTESIAN_POINT('',(47.503521667389,-2.187130289554,
    14.442308771121));
#1538 = CARTESIAN_POINT('',(47.532887542103,-2.181851468961,
    14.478676520259));
#1539 = CARTESIAN_POINT('',(47.614045297329,-2.158576292441,
    14.57868893606));
#1540 = CARTESIAN_POINT('',(47.690987233336,-2.113003815814,
    14.672194152025));
#1541 = CARTESIAN_POINT('',(47.738474776349,-2.076487584087,
    14.729468858062));
#1542 = CARTESIAN_POINT('',(47.784094681715,-2.034116380756,
    14.784144283177));
#1543 = CARTESIAN_POINT('',(47.827881569597,-1.987005489199,
    14.836346857247));
#1544 = CARTESIAN_POINT('',(47.869905892037,-1.936020412967,
    14.886229718254));
#1545 = CARTESIAN_POINT('',(47.981045254176,-1.7867847902,
    15.017682105622));
#1546 = CARTESIAN_POINT('',(48.08026597526,-1.617289853148,
    15.134047708983));
#1547 = CARTESIAN_POINT('',(48.13916920999,-1.503971303287,
    15.202939842731));
#1548 = CARTESIAN_POINT('',(48.194414586511,-1.386762171761,
    15.26751904948));
#1549 = CARTESIAN_POINT('',(48.24655094729,-1.266502446294,
    15.328540777233));
#1550 = CARTESIAN_POINT('',(48.296003084433,-1.143740933857,
    15.386582404985));
#1551 = CARTESIAN_POINT('',(48.395311756812,-0.880388135691,
    15.503623147739));
#1552 = CARTESIAN_POINT('',(48.485118635364,-0.609148279324,
    15.610731530182));
#1553 = CARTESIAN_POINT('',(48.530038011216,-0.46476514768,
    15.664747653191));
#1554 = CARTESIAN_POINT('',(48.572842735612,-0.318958052107,
    15.716722614802));
#1555 = CARTESIAN_POINT('',(48.61365076922,-0.17201993368,
    15.766828031331));
#1556 = CARTESIAN_POINT('',(48.652575664438,-2.415907303963E-02,
    15.81522364266));
#1557 = CARTESIAN_POINT('',(48.730485095367,0.287464144588,
    15.91343811141));
#1558 = CARTESIAN_POINT('',(48.801232748678,0.602338704189,
    16.005610539416));
#1559 = CARTESIAN_POINT('',(48.836438216303,0.767803437025,
    16.052377032088));
#1560 = CARTESIAN_POINT('',(48.870021719745,0.934070826783,
    16.097924057441));
#1561 = CARTESIAN_POINT('',(48.902135870712,1.101166289118,
    16.142442783845));
#1562 = CARTESIAN_POINT('',(48.932849742589,1.269026347298,
    16.186025227274));
#1563 = CARTESIAN_POINT('',(48.970826530522,1.487689995363,
    16.241323095095));
#1564 = CARTESIAN_POINT('',(49.006286579528,1.706865177028,
    16.294904627481));
#1565 = CARTESIAN_POINT('',(49.014315716059,1.757341532649,
    16.307147947075));
#1566 = CARTESIAN_POINT('',(49.02221137257,1.807837252316,
    16.319300749295));
#1567 = CARTESIAN_POINT('',(49.029974806741,1.858350926645,
    16.331364730789));
#1568 = CARTESIAN_POINT('',(49.037609038045,1.908884318567,
    16.343343579527));
#1569 = CARTESIAN_POINT('',(49.064858877706,2.092320000315,
    16.386519724119));
#1570 = CARTESIAN_POINT('',(49.090612657535,2.276285686793,
    16.428813882382));
#1571 = CARTESIAN_POINT('',(49.108496648575,2.409793155721,
    16.459007297831));
#1572 = CARTESIAN_POINT('',(49.125622763469,2.543522755995,
    16.488776217776));
#1573 = CARTESIAN_POINT('',(49.142004177699,2.677453008728,
    16.518138781215));
#1574 = CARTESIAN_POINT('',(49.157653655206,2.811565681465,
    16.547112344961));
#1575 = CARTESIAN_POINT('',(49.194742529694,3.145144607178,
    16.618163587281));
#1576 = CARTESIAN_POINT('',(49.227462779953,3.479669679167,
    16.687013113717));
#1577 = CARTESIAN_POINT('',(49.245490806534,3.679828016223,
    16.727413234877));
#1578 = CARTESIAN_POINT('',(49.262033799027,3.880246110308,
    16.767126034563));
#1579 = CARTESIAN_POINT('',(49.277124837264,4.080896743952,
    16.80619461178));
#1580 = CARTESIAN_POINT('',(49.290794139941,4.2817569912,16.84465804949)
  );
#1581 = CARTESIAN_POINT('',(49.316159749733,4.697212999921,
    16.922962788395));
#1582 = CARTESIAN_POINT('',(49.335678504476,5.113400344953,
    16.998971081982));
#1583 = CARTESIAN_POINT('',(49.344224746433,5.328356705202,
    17.037624206124));
#1584 = CARTESIAN_POINT('',(49.351271186367,5.54346607102,
    17.075738950558));
#1585 = CARTESIAN_POINT('',(49.356841988434,5.75870995308,
    17.113345887397));
#1586 = CARTESIAN_POINT('',(49.360958822073,5.974070600021,
    17.150472300989));
#1587 = CARTESIAN_POINT('',(49.36648101019,6.417622034843,17.22596288276
    ));
#1588 = CARTESIAN_POINT('',(49.366000359098,6.861526537078,
    17.29961550528));
#1589 = CARTESIAN_POINT('',(49.364187040093,7.089873153898,
    17.337030904006));
#1590 = CARTESIAN_POINT('',(49.360826690885,7.318275201619,
    17.374010297361));
#1591 = CARTESIAN_POINT('',(49.355936800091,7.546715135791,
    17.410575058638));
#1592 = CARTESIAN_POINT('',(49.34953364438,7.775176629758,
    17.446744859223));
#1593 = CARTESIAN_POINT('',(49.333324452604,8.243881611713,
    17.52017493388));
#1594 = CARTESIAN_POINT('',(49.310871978292,8.712555573695,
    17.592091782664));
#1595 = CARTESIAN_POINT('',(49.297740544421,8.952752354574,
    17.628575460535));
#1596 = CARTESIAN_POINT('',(49.283001683803,9.192910116853,
    17.664699940091));
#1597 = CARTESIAN_POINT('',(49.266670465622,9.433015395647,
    17.700482457628));
#1598 = CARTESIAN_POINT('',(49.24876115197,9.673055578765,17.73593908096
    ));
#1599 = CARTESIAN_POINT('',(49.208937326418,10.163771238027,
    17.807810525715));
#1600 = CARTESIAN_POINT('',(49.162621657657,10.65410987634,
    17.878437616914));
#1601 = CARTESIAN_POINT('',(49.137273618893,10.904557353455,
    17.914218193013));
#1602 = CARTESIAN_POINT('',(49.110257588691,11.154877297839,
    17.949703217468));
#1603 = CARTESIAN_POINT('',(49.081585388825,11.405054292665,
    17.984905093293));
#1604 = CARTESIAN_POINT('',(49.051267741473,11.655072024159,
    18.019834807885));
#1605 = CARTESIAN_POINT('',(49.008341256643,11.990716445087,
    18.06640823596));
#1606 = CARTESIAN_POINT('',(48.962482901217,12.326020814593,
    18.112528080789));
#1607 = CARTESIAN_POINT('',(48.950568774295,12.411713396269,
    18.124288692281));
#1608 = CARTESIAN_POINT('',(48.938463943213,12.497382762786,
    18.136020540914));
#1609 = CARTESIAN_POINT('',(48.926168875826,12.583028505917,
    18.147724086193));
#1610 = CARTESIAN_POINT('',(48.913684065452,12.66865030236,
    18.159399812414));
#1611 = CARTESIAN_POINT('',(48.875344671955,12.927586321546,
    18.194636735108));
#1612 = CARTESIAN_POINT('',(48.835279080806,13.186300610846,
    18.229629047616));
#1613 = CARTESIAN_POINT('',(48.807687725141,13.359386386122,
    18.252947119622));
#1614 = CARTESIAN_POINT('',(48.779329071135,13.532363442783,
    18.276161408447));
#1615 = CARTESIAN_POINT('',(48.750206225799,13.705227450908,
    18.299274745125));
#1616 = CARTESIAN_POINT('',(48.720322266772,13.87797425092,
    18.322289891859));
#1617 = CARTESIAN_POINT('',(48.64238913098,14.31701996077,
    18.380582368901));
#1618 = CARTESIAN_POINT('',(48.559571777559,14.755256174304,
    18.438273989398));
#1619 = CARTESIAN_POINT('',(48.507529393896,15.020872641186,
    18.473070565184));
#1620 = CARTESIAN_POINT('',(48.453710377644,15.286162898354,
    18.507664669205));
#1621 = CARTESIAN_POINT('',(48.398125299848,15.551113595524,
    18.542065024311));
#1622 = CARTESIAN_POINT('',(48.340784479359,15.815711657538,
    18.576279911531));
#1623 = CARTESIAN_POINT('',(48.220973472835,16.351502050113,
    18.645298089262));
#1624 = CARTESIAN_POINT('',(48.094025472248,16.885737461976,
    18.713616784605));
#1625 = CARTESIAN_POINT('',(48.027861002596,17.156093953673,
    18.748071591364));
#1626 = CARTESIAN_POINT('',(47.959884344747,17.426023652889,
    18.782362527289));
#1627 = CARTESIAN_POINT('',(47.890105756422,17.695513150116,
    18.816496895022));
#1628 = CARTESIAN_POINT('',(47.818535316506,17.964549204353,
    18.850481652325));
#1629 = CARTESIAN_POINT('',(47.670178133217,18.507738589609,
    18.918927638668));
#1630 = CARTESIAN_POINT('',(47.514571951849,19.048967074286,
    18.986814991524));
#1631 = CARTESIAN_POINT('',(47.434059904699,19.322080575428,
    19.021000792284));
#1632 = CARTESIAN_POINT('',(47.351715870464,19.594665575197,
    19.055057179392));
#1633 = CARTESIAN_POINT('',(47.267550116164,19.866708756435,
    19.088990444528));
#1634 = CARTESIAN_POINT('',(47.181572836025,20.138197034563,
    19.122806662887));
#1635 = CARTESIAN_POINT('',(47.004478059761,20.684783210476,
    19.190807107527));
#1636 = CARTESIAN_POINT('',(46.820092018395,21.229006832979,
    19.258378258989));
#1637 = CARTESIAN_POINT('',(46.725254652079,21.502866687224,
    19.29235395051));
#1638 = CARTESIAN_POINT('',(46.628583878261,21.776099139793,
    19.32623225962));
#1639 = CARTESIAN_POINT('',(46.53009022198,22.048691257174,
    19.360018815776));
#1640 = CARTESIAN_POINT('',(46.429784163567,22.320630260409,
    19.393719075244));
#1641 = CARTESIAN_POINT('',(46.224277608092,22.866605217489,
    19.461382471393));
#1642 = CARTESIAN_POINT('',(46.011513892278,23.409832409649,
    19.528738484686));
#1643 = CARTESIAN_POINT('',(45.902637642777,23.682442992894,
    19.562555486625));
#1644 = CARTESIAN_POINT('',(45.791945788805,23.954332000805,
    19.5963051576));
#1645 = CARTESIAN_POINT('',(45.67944904726,24.225486595041,
    19.629992503737));
#1646 = CARTESIAN_POINT('',(45.565158119871,24.495894055213,
    19.663622403884));
#1647 = CARTESIAN_POINT('',(45.332097275669,25.037308497071,
    19.731040759853));
#1648 = CARTESIAN_POINT('',(45.091890199449,25.575611734337,
    19.798266377737));
#1649 = CARTESIAN_POINT('',(44.969527181115,25.845020405417,
    19.831967116369));
#1650 = CARTESIAN_POINT('',(44.845385943074,26.113620890863,
    19.865629222241));
#1651 = CARTESIAN_POINT('',(44.719477947586,26.381401953066,
    19.899257817394));
#1652 = CARTESIAN_POINT('',(44.591815031545,26.648353411236,
    19.932858331496));
#1653 = CARTESIAN_POINT('',(44.4624096353,26.914466727706,
    19.966436752304));
#1654 = CARTESIAN_POINT('',(44.331275147094,27.179735904394,20.));
#1655 = PCURVE('',#31,#1656);
#1656 = DEFINITIONAL_REPRESENTATION('',(#1657),#1661);
#1657 = LINE('',#1658,#1659);
#1658 = CARTESIAN_POINT('',(0.,0.));
#1659 = VECTOR('',#1660,1.);
#1660 = DIRECTION('',(1.,0.));
#1661 = ( GEOMETRIC_REPRESENTATION_CONTEXT(2) 
PARAMETRIC_REPRESENTATION_CONTEXT() REPRESENTATION_CONTEXT('2D SPACE',''
  ) );
#1662 = ORIENTED_EDGE('',*,*,#1663,.T.);
#1663 = EDGE_CURVE('',#1114,#1664,#1666,.T.);
#1664 = VERTEX_POINT('',#1665);
#1665 = CARTESIAN_POINT('',(37.227717725689,52.05859230652,26.));
#1666 = SURFACE_CURVE('',#1667,(#1670),.PCURVE_S1.);
#1667 = B_SPLINE_CURVE_WITH_KNOTS('',1,(#1668,#1669),.UNSPECIFIED.,.F.,
  .F.,(2,2),(0.,1.),.PIECEWISE_BEZIER_KNOTS.);
#1668 = CARTESIAN_POINT('',(44.331275147094,27.179735904394,20.));
#1669 = CARTESIAN_POINT('',(37.227717725689,52.05859230652,26.));
#1670 = PCURVE('',#31,#1671);
#1671 = DEFINITIONAL_REPRESENTATION('',(#1672),#1676);
#1672 = LINE('',#1673,#1674);
#1673 = CARTESIAN_POINT('',(1.,0.));
#1674 = VECTOR('',#1675,1.);
#1675 = DIRECTION('',(0.,1.));
#1676 = ( GEOMETRIC_REPRESENTATION_CONTEXT(2) 
PARAMETRIC_REPRESENTATION_CONTEXT() REPRESENTATION_CONTEXT('2D SPACE',''
  ) );
#1677 = ORIENTED_EDGE('',*,*,#1678,.F.);
#1678 = EDGE_CURVE('',#24,#1664,#1679,.T.);
#1679 = SURFACE_CURVE('',#1680,(#2218),.PCURVE_S1.);
#1680 = B_SPLINE_CURVE_WITH_KNOTS('',8,(#1681,#1682,#1683,#1684,#1685,
    #1686,#1687,#1688,#1689,#1690,#1691,#1692,#1693,#1694,#1695,#1696,
    #1697,#1698,#1699,#1700,#1701,#1702,#1703,#1704,#1705,#1706,#1707,
    #1708,#1709,#1710,#1711,#1712,#1713,#1714,#1715,#1716,#1717,#1718,
    #1719,#1720,#1721,#1722,#1723,#1724,#1725,#1726,#1727,#1728,#1729,
    #1730,#1731,#1732,#1733,#1734,#1735,#1736,#1737,#1738,#1739,#1740,
    #1741,#1742,#1743,#1744,#1745,#1746,#1747,#1748,#1749,#1750,#1751,
    #1752,#1753,#1754,#1755,#1756,#1757,#1758,#1759,#1760,#1761,#1762,
    #1763,#1764,#1765,#1766,#1767,#1768,#1769,#1770,#1771,#1772,#1773,
    #1774,#1775,#1776,#1777,#1778,#1779,#1780,#1781,#1782,#1783,#1784,
    #1785,#1786,#1787,#1788,#1789,#1790,#1791,#1792,#1793,#1794,#1795,
    #1796,#1797,#1798,#1799,#1800,#1801,#1802,#1803,#1804,#1805,#1806,
    #1807,#1808,#1809,#1810,#1811,#1812,#1813,#1814,#1815,#1816,#1817,
    #1818,#1819,#1820,#1821,#1822,#1823,#1824,#1825,#1826,#1827,#1828,
    #1829,#1830,#1831,#1832,#1833,#1834,#1835,#1836,#1837,#1838,#1839,
    #1840,#1841,#1842,#1843,#1844,#1845,#1846,#1847,#1848,#1849,#1850,
    #1851,#1852,#1853,#1854,#1855,#1856,#1857,#1858,#1859,#1860,#1861,
    #1862,#1863,#1864,#1865,#1866,#1867,#1868,#1869,#1870,#1871,#1872,
    #1873,#1874,#1875,#1876,#1877,#1878,#1879,#1880,#1881,#1882,#1883,
    #1884,#1885,#1886,#1887,#1888,#1889,#1890,#1891,#1892,#1893,#1894,
    #1895,#1896,#1897,#1898,#1899,#1900,#1901,#1902,#1903,#1904,#1905,
    #1906,#1907,#1908,#1909,#1910,#1911,#1912,#1913,#1914,#1915,#1916,
    #1917,#1918,#1919,#1920,#1921,#1922,#1923,#1924,#1925,#1926,#1927,
    #1928,#1929,#1930,#1931,#1932,#1933,#1934,#1935,#1936,#1937,#1938,
    #1939,#1940,#1941,#1942,#1943,#1944,#1945,#1946,#1947,#1948,#1949,
    #1950,#1951,#1952,#1953,#1954,#1955,#1956,#1957,#1958,#1959,#1960,
    #1961,#1962,#1963,#1964,#1965,#1966,#1967,#1968,#1969,#1970,#1971,
    #1972,#1973,#1974,#1975,#1976,#1977,#1978,#1979,#1980,#1981,#1982,
    #1983,#1984,#1985,#1986,#1987,#1988,#1989,#1990,#1991,#1992,#1993,
    #1994,#1995,#1996,#1997,#1998,#1999,#2000,#2001,#2002,#2003,#2004,
    #2005,#2006,#2007,#2008,#2009,#2010,#2011,#2012,#2013,#2014,#2015,
    #2016,#2017,#2018,#2019,#2020,#2021,#2022,#2023,#2024,#2025,#2026,
    #2027,#2028,#2029,#2030,#2031,#2032,#2033,#2034,#2035,#2036,#2037,
    #2038,#2039,#2040,#2041,#2042,#2043,#2044,#2045,#2046,#2047,#2048,
    #2049,#2050,#2051,#2052,#2053,#2054,#2055,#2056,#2057,#2058,#2059,
    #2060,#2061,#2062,#2063,#2064,#2065,#2066,#2067,#2068,#2069,#2070,
    #2071,#2072,#2073,#2074,#2075,#2076,#2077,#2078,#2079,#2080,#2081,
    #2082,#2083,#2084,#2085,#2086,#2087,#2088,#2089,#2090,#2091,#2092,
    #2093,#2094,#2095,#2096,#2097,#2098,#2099,#2100,#2101,#2102,#2103,
    #2104,#2105,#2106,#2107,#2108,#2109,#2110,#2111,#2112,#2113,#2114,
    #2115,#2116,#2117,#2118,#2119,#2120,#2121,#2122,#2123,#2124,#2125,
    #2126,#2127,#2128,#2129,#2130,#2131,#2132,#2133,#2134,#2135,#2136,
    #2137,#2138,#2139,#2140,#2141,#2142,#2143,#2144,#2145,#2146,#2147,
    #2148,#2149,#2150,#2151,#2152,#2153,#2154,#2155,#2156,#2157,#2158,
    #2159,#2160,#2161,#2162,#2163,#2164,#2165,#2166,#2167,#2168,#2169,
    #2170,#2171,#2172,#2173,#2174,#2175,#2176,#2177,#2178,#2179,#2180,
    #2181,#2182,#2183,#2184,#2185,#2186,#2187,#2188,#2189,#2190,#2191,
    #2192,#2193,#2194,#2195,#2196,#2197,#2198,#2199,#2200,#2201,#2202,
    #2203,#2204,#2205,#2206,#2207,#2208,#2209,#2210,#2211,#2212,#2213,
    #2214,#2215,#2216,#2217),.UNSPECIFIED.,.F.,.F.,(9,6,6,6,6,6,6,6,6,6,
    6,6,6,6,6,6,6,6,6,6,6,6,6,6,6,6,6,6,6,6,6,6,6,6,6,6,6,6,6,6,6,6,6,6,
    6,6,6,6,6,6,6,6,6,6,6,6,6,6,6,6,6,6,6,6,6,6,6,6,6,6,6,6,6,6,6,6,6,6,
    6,6,6,6,6,6,6,6,6,6,6,9),(0.,2.080615535737E-02,4.16013044851E-02,
    6.228794790612E-02,8.27686361288E-02,0.10294662784,0.1227265523,
    0.127217159279,0.142015073541,0.160721554503,0.178758720126,
    0.19604331978,0.212496791628,0.226082574002,0.228045935038,
    0.242623602938,0.256169435873,0.26863067673,0.275085090596,
    0.27996313669,0.290132443402,0.299115824124,0.306904935804,
    0.313510837157,0.315506085947,0.318973566691,0.323381955503,
    0.326914801719,0.329908062997,0.332867609421,0.336285769317,
    0.340464354921,0.345538263656,0.351549075396,0.35848887153,
    0.366321143929,0.374990921328,0.384430088578,0.394560482827,
    0.400278056178,0.405295906501,0.416543587356,0.428205346746,
    0.44017861163,0.452357344092,0.464632930506,0.476895056078,
    0.489032582419,0.500934443104,0.507157668635,0.512490573971,
    0.52359290186,0.534136430574,0.544020492532,0.553150293816,
    0.561439003395,0.568810908462,0.57520679747,0.580594349189,
    0.584990569755,0.58851346363,0.591485696793,0.594501130253,
    0.596912099942,0.598189877328,0.602955027637,0.60900657976,
    0.616454326746,0.625356584025,0.635741381944,0.640002481288,
    0.647616016826,0.660971730958,0.675786233964,0.692025209719,
    0.696881232406,0.70964332658,0.728585001464,0.748785046064,
    0.770169264016,0.79265503706,0.816151921536,0.824221358515,
    0.840562267011,0.865781863168,0.891700617503,0.918203264135,
    0.945170102472,0.972477763406,1.),.UNSPECIFIED.);
#1681 = CARTESIAN_POINT('',(48.,0.,6.));
#1682 = CARTESIAN_POINT('',(48.025349292589,0.287264822048,
    6.031686614771));
#1683 = CARTESIAN_POINT('',(48.048718335019,0.57470604802,6.063354450856
    ));
#1684 = CARTESIAN_POINT('',(48.070110308821,0.862307273499,
    6.095007034006));
#1685 = CARTESIAN_POINT('',(48.089528395527,1.15005209407,6.126647889969
    ));
#1686 = CARTESIAN_POINT('',(48.106975776668,1.437924105317,
    6.158280544496));
#1687 = CARTESIAN_POINT('',(48.122455633775,1.725906902823,
    6.189908523337));
#1688 = CARTESIAN_POINT('',(48.149479513421,2.301908871832,6.2531454509)
  );
#1689 = CARTESIAN_POINT('',(48.168662898362,2.878222585577,
    6.316391876693));
#1690 = CARTESIAN_POINT('',(48.176297002286,3.166365283462,
    6.348012637917));
#1691 = CARTESIAN_POINT('',(48.181980091017,3.454554240591,
    6.379642855258));
#1692 = CARTESIAN_POINT('',(48.185716200285,3.742773639108,
    6.411286070121));
#1693 = CARTESIAN_POINT('',(48.187509365823,4.031007661161,
    6.442945823915));
#1694 = CARTESIAN_POINT('',(48.187218641359,4.605969364603,
    6.506140191956));
#1695 = CARTESIAN_POINT('',(48.179228758536,5.180863373957,
    6.569428554602));
#1696 = CARTESIAN_POINT('',(48.173334438475,5.46752667153,6.60101701328)
  );
#1697 = CARTESIAN_POINT('',(48.165535194885,5.754143164955,
    6.632636196879));
#1698 = CARTESIAN_POINT('',(48.155835932626,6.040697869709,
    6.664289779918));
#1699 = CARTESIAN_POINT('',(48.14424155656,6.327175801269,6.695981436919
    ));
#1700 = CARTESIAN_POINT('',(48.117406638392,6.897096902377,
    6.759132311669));
#1701 = CARTESIAN_POINT('',(48.083105396978,7.466595274827,
    6.822463074014));
#1702 = CARTESIAN_POINT('',(48.064198369305,7.749801340312,
    6.854018459993));
#1703 = CARTESIAN_POINT('',(48.043454873694,8.032874923412,
    6.885626168709));
#1704 = CARTESIAN_POINT('',(48.020880651663,8.315802096625,
    6.917290100007));
#1705 = CARTESIAN_POINT('',(47.996481444729,8.598568932448,
    6.949014153733));
#1706 = CARTESIAN_POINT('',(47.944432042468,9.15957746733,7.012120490477
    ));
#1707 = CARTESIAN_POINT('',(47.885235447974,9.719844317162,
    7.075494515083));
#1708 = CARTESIAN_POINT('',(47.854103747538,9.997696860185,
    7.107015786591));
#1709 = CARTESIAN_POINT('',(47.821224825111,10.275341395375,
    7.138611455418));
#1710 = CARTESIAN_POINT('',(47.786605215854,10.552765254158,
    7.170285755609));
#1711 = CARTESIAN_POINT('',(47.75025145493,10.829955767959,
    7.202042921208));
#1712 = CARTESIAN_POINT('',(47.674839961617,11.378381264571,
    7.265103234232));
#1713 = CARTESIAN_POINT('',(47.592679285661,11.925792344896,
    7.328521709556));
#1714 = CARTESIAN_POINT('',(47.550361630592,12.196511369471,
    7.36000750735));
#1715 = CARTESIAN_POINT('',(47.506404688233,12.466959337322,
    7.391590445133));
#1716 = CARTESIAN_POINT('',(47.460815737382,12.73712500826,
    7.423275210185));
#1717 = CARTESIAN_POINT('',(47.413602056838,13.006997142098,
    7.455066489788));
#1718 = CARTESIAN_POINT('',(47.353684865893,13.337763976693,
    7.494211744373));
#1719 = CARTESIAN_POINT('',(47.29134340147,13.668055015699,
    7.533531481491));
#1720 = CARTESIAN_POINT('',(47.279725904865,13.72915005031,
    7.540812577668));
#1721 = CARTESIAN_POINT('',(47.268025618266,13.790228552484,
    7.548099780177));
#1722 = CARTESIAN_POINT('',(47.256242642381,13.85129040008,
    7.555393155612));
#1723 = CARTESIAN_POINT('',(47.244377077915,13.912335470958,
    7.562692770561));
#1724 = CARTESIAN_POINT('',(47.193056563258,14.174470010387,
    7.594073921067));
#1725 = CARTESIAN_POINT('',(47.140216035486,14.436290518605,
    7.625572645521));
#1726 = CARTESIAN_POINT('',(47.098786397169,14.636966763029,
    7.64980966043));
#1727 = CARTESIAN_POINT('',(47.056469321743,14.837449434672,
    7.674120642409));
#1728 = CARTESIAN_POINT('',(47.01326841289,15.037734162889,
    7.698507974344));
#1729 = CARTESIAN_POINT('',(46.96918727429,15.237816577031,7.72297403912
    ));
#1730 = CARTESIAN_POINT('',(46.867397069997,15.690361125941,
    7.778552036304));
#1731 = CARTESIAN_POINT('',(46.761131506147,16.141823745379,
    7.834558070975));
#1732 = CARTESIAN_POINT('',(46.700413896287,16.393543195215,
    7.865967332684));
#1733 = CARTESIAN_POINT('',(46.638318503822,16.644909322751,
    7.89752208007));
#1734 = CARTESIAN_POINT('',(46.574853992624,16.895914102561,7.9292283396
    ));
#1735 = CARTESIAN_POINT('',(46.510029026562,17.146549509218,
    7.961092137738));
#1736 = CARTESIAN_POINT('',(46.380043307798,17.638111327961,
    8.024000929469));
#1737 = CARTESIAN_POINT('',(46.244875588698,18.12818611894,
    8.087564032612));
#1738 = CARTESIAN_POINT('',(46.17728345972,18.36839530425,8.118931296298
    ));
#1739 = CARTESIAN_POINT('',(46.108461334978,18.608233515787,
    8.150470164991));
#1740 = CARTESIAN_POINT('',(46.038418582981,18.847694434957,
    8.182187604832));
#1741 = CARTESIAN_POINT('',(45.967164572237,19.086771743166,
    8.214090581963));
#1742 = CARTESIAN_POINT('',(45.825275853084,19.55418772967,
    8.276942421023));
#1743 = CARTESIAN_POINT('',(45.678813993736,20.02008416455,
    8.340559195679));
#1744 = CARTESIAN_POINT('',(45.606058391044,20.247700715065,
    8.371881182467));
#1745 = CARTESIAN_POINT('',(45.532228010474,20.474944199509,
    8.403402616122));
#1746 = CARTESIAN_POINT('',(45.457333006257,20.701810021129,
    8.435131634154));
#1747 = CARTESIAN_POINT('',(45.38138353263,20.928293583171,
    8.467076374074));
#1748 = CARTESIAN_POINT('',(45.231098191693,21.36961516287,8.52986674965
    ));
#1749 = CARTESIAN_POINT('',(45.076872725839,21.809445317011,
    8.593541027107));
#1750 = CARTESIAN_POINT('',(45.000733649665,22.023585241355,
    8.624813685516));
#1751 = CARTESIAN_POINT('',(44.923679683555,22.237364663361,
    8.656315758781));
#1752 = CARTESIAN_POINT('',(44.84572193108,22.450780687983,
    8.688056843211));
#1753 = CARTESIAN_POINT('',(44.766871495815,22.663830420172,
    8.720046535115));
#1754 = CARTESIAN_POINT('',(44.621304026856,23.052123238205,
    8.778921813572));
#1755 = CARTESIAN_POINT('',(44.472835076364,23.439175825574,
    8.838689727026));
#1756 = CARTESIAN_POINT('',(44.40510211196,23.613972667375,
    8.865911020796));
#1757 = CARTESIAN_POINT('',(44.336792106544,23.788514162733,
    8.893330131809));
#1758 = CARTESIAN_POINT('',(44.267913282845,23.962799480546,
    8.92095467622));
#1759 = CARTESIAN_POINT('',(44.198473863594,24.13682778971,
    8.948792270188));
#1760 = CARTESIAN_POINT('',(44.11836714743,24.335710848115,
    8.980905393422));
#1761 = CARTESIAN_POINT('',(44.037547640053,24.534255069283,
    9.013317546858));
#1762 = CARTESIAN_POINT('',(44.027331373492,24.559319469131,
    9.017414959008));
#1763 = CARTESIAN_POINT('',(44.017103792083,24.584378461665,
    9.021517184761));
#1764 = CARTESIAN_POINT('',(44.006864920642,24.609432044375,
    9.025624247104));
#1765 = CARTESIAN_POINT('',(43.996614783988,24.634480214754,
    9.029736169025));
#1766 = CARTESIAN_POINT('',(43.910164186486,24.845461759338,
    9.064419643353));
#1767 = CARTESIAN_POINT('',(43.822917527962,25.05605879052,
    9.099451304642));
#1768 = CARTESIAN_POINT('',(43.745422415532,25.241360373666,
    9.130608975861));
#1769 = CARTESIAN_POINT('',(43.667336959396,25.426363941099,
    9.162064497588));
#1770 = CARTESIAN_POINT('',(43.588675136398,25.61106980997,9.19383157737
    ));
#1771 = CARTESIAN_POINT('',(43.509450923387,25.79547829743,
    9.225923922752));
#1772 = CARTESIAN_POINT('',(43.355552128716,26.150669388324,
    9.288491009615));
#1773 = CARTESIAN_POINT('',(43.199664224859,26.504756021349,
    9.352370732579));
#1774 = CARTESIAN_POINT('',(43.124134791432,26.675049250449,
    9.383459868594));
#1775 = CARTESIAN_POINT('',(43.048176415114,26.845089763497,
    9.414886742895));
#1776 = CARTESIAN_POINT('',(42.971805352986,27.014879315063,
    9.446667964207));
#1777 = CARTESIAN_POINT('',(42.895037862132,27.184419659715,
    9.478820141257));
#1778 = CARTESIAN_POINT('',(42.74691962082,27.509450446945,
    9.541294221862));
#1779 = CARTESIAN_POINT('',(42.597459940335,27.833575558349,
    9.605258140475));
#1780 = CARTESIAN_POINT('',(42.525558107065,27.988674571836,
    9.636268698903));
#1781 = CARTESIAN_POINT('',(42.453387232573,28.143571655925,
    9.667661948418));
#1782 = CARTESIAN_POINT('',(42.380966782015,28.298269809776,
    9.699458213875));
#1783 = CARTESIAN_POINT('',(42.308316220552,28.452772032544,
    9.731677820127));
#1784 = CARTESIAN_POINT('',(42.197715883541,28.687007234305,
    9.781259332957));
#1785 = CARTESIAN_POINT('',(42.086675028215,28.920804792983,
    9.83190997271));
#1786 = CARTESIAN_POINT('',(42.048738733925,29.00053114309,
    9.849322147431));
#1787 = CARTESIAN_POINT('',(42.010760028889,29.080207992864,
    9.866868092999));
#1788 = CARTESIAN_POINT('',(41.972743352859,29.159836069878,
    9.88455245476));
#1789 = CARTESIAN_POINT('',(41.934693145588,29.239416101709,
    9.902379878058));
#1790 = CARTESIAN_POINT('',(41.867834692222,29.379057178044,9.9339400549
    ));
#1791 = CARTESIAN_POINT('',(41.800900244336,29.518554630123,
    9.965969891744));
#1792 = CARTESIAN_POINT('',(41.772076213793,29.578574871789,
    9.979846129997));
#1793 = CARTESIAN_POINT('',(41.743241935656,29.638569130008,
    9.993813400489));
#1794 = CARTESIAN_POINT('',(41.714399326501,29.698537718864,
    10.007873708548));
#1795 = CARTESIAN_POINT('',(41.685550302902,29.758480952441,
    10.0220290595));
#1796 = CARTESIAN_POINT('',(41.596545584855,29.943311141203,
    10.065993563846));
#1797 = CARTESIAN_POINT('',(41.507516304717,30.127906040864,
    10.110900605267));
#1798 = CARTESIAN_POINT('',(41.447367942871,30.252555849946,
    10.141711649601));
#1799 = CARTESIAN_POINT('',(41.387269667936,30.37710677506,
    10.173016112969));
#1800 = CARTESIAN_POINT('',(41.327252132528,30.501563106381,
    10.204845460951));
#1801 = CARTESIAN_POINT('',(41.267345989262,30.625929134086,
    10.237231159123));
#1802 = CARTESIAN_POINT('',(41.15478737235,30.859995854151,
    10.299332875986));
#1803 = CARTESIAN_POINT('',(41.042841334972,31.093772691406,
    10.363631262497));
#1804 = CARTESIAN_POINT('',(40.990509246676,31.203363256782,
    10.394312896212));
#1805 = CARTESIAN_POINT('',(40.938392603001,31.312897248546,
    10.425557474159));
#1806 = CARTESIAN_POINT('',(40.886531742899,31.422378266819,
    10.457404836191));
#1807 = CARTESIAN_POINT('',(40.834967005321,31.53180991172,
    10.48989482216));
#1808 = CARTESIAN_POINT('',(40.739320845118,31.736039673085,
    10.551829708227));
#1809 = CARTESIAN_POINT('',(40.644988175555,31.940122422898,
    10.616282476452));
#1810 = CARTESIAN_POINT('',(40.601518647336,32.034866704829,
    10.646808130048));
#1811 = CARTESIAN_POINT('',(40.558442591463,32.129580020245,
    10.677978599128));
#1812 = CARTESIAN_POINT('',(40.51581510681,32.224262738547,
    10.709844781292));
#1813 = CARTESIAN_POINT('',(40.473691292251,32.318915229137,
    10.742457574139));
#1814 = CARTESIAN_POINT('',(40.396875167684,32.493786778154,
    10.8042029618));
#1815 = CARTESIAN_POINT('',(40.322155679627,32.668557609201,
    10.868846039539));
#1816 = CARTESIAN_POINT('',(40.288385370068,32.748731722412,
    10.899186132365));
#1817 = CARTESIAN_POINT('',(40.255210764625,32.828869878251,
    10.930266498014));
#1818 = CARTESIAN_POINT('',(40.222708948847,32.908964703187,
    10.962152159006));
#1819 = CARTESIAN_POINT('',(40.190957008283,32.989008823688,
    10.994908137861));
#1820 = CARTESIAN_POINT('',(40.150691436604,33.093153878901,
    11.03877559512));
#1821 = CARTESIAN_POINT('',(40.111958502848,33.197187973597,
    11.084338976698));
#1822 = CARTESIAN_POINT('',(40.103061387256,33.221313884904,
    11.095003707172));
#1823 = CARTESIAN_POINT('',(40.094257683267,33.245431044558,
    11.105767538173));
#1824 = CARTESIAN_POINT('',(40.085552859341,33.26953806225,
    11.116634389222));
#1825 = CARTESIAN_POINT('',(40.076952383943,33.293633547671,
    11.12760817984));
#1826 = CARTESIAN_POINT('',(40.053706074665,33.359568446597,
    11.157956497128));
#1827 = CARTESIAN_POINT('',(40.031323936594,33.425396057159,
    11.189165186392));
#1828 = CARTESIAN_POINT('',(40.017493706513,33.467129766772,
    11.209342202523));
#1829 = CARTESIAN_POINT('',(40.004069064732,33.508805654154,
    11.22990701638));
#1830 = CARTESIAN_POINT('',(39.991078713522,33.550416422002,
    11.250880200318));
#1831 = CARTESIAN_POINT('',(39.978551355154,33.591954773012,
    11.272282326696));
#1832 = CARTESIAN_POINT('',(39.951214126532,33.686121933569,
    11.321915097055));
#1833 = CARTESIAN_POINT('',(39.926561648931,33.779840198571,
    11.373973065951));
#1834 = CARTESIAN_POINT('',(39.913759802096,33.832086415991,
    11.403958254534));
#1835 = CARTESIAN_POINT('',(39.902110764557,33.884051184458,
    11.434876812877));
#1836 = CARTESIAN_POINT('',(39.891770372429,33.935664099369,
    11.466815516446));
#1837 = CARTESIAN_POINT('',(39.882894461828,33.986854756119,
    11.499861140707));
#1838 = CARTESIAN_POINT('',(39.869824296874,34.078181701826,
    11.561539568416));
#1839 = CARTESIAN_POINT('',(39.862517772298,34.167681487117,
    11.62737314199));
#1840 = CARTESIAN_POINT('',(39.860603271619,34.206967622861,
    11.657526270978));
#1841 = CARTESIAN_POINT('',(39.860220033255,34.245555455699,
    11.688588057965));
#1842 = CARTESIAN_POINT('',(39.861563339936,34.28327664318,
    11.720601654162));
#1843 = CARTESIAN_POINT('',(39.864828474394,34.319962842853,
    11.75361021078));
#1844 = CARTESIAN_POINT('',(39.874770913737,34.385509149087,
    11.816503471114));
#1845 = CARTESIAN_POINT('',(39.892604146444,34.446374769644,
    11.883086424675));
#1846 = CARTESIAN_POINT('',(39.902488688724,34.473111695858,
    11.914282407362));
#1847 = CARTESIAN_POINT('',(39.914123577205,34.498473951921,
    11.946016350064));
#1848 = CARTESIAN_POINT('',(39.927553997619,34.522266537282,
    11.978169135083));
#1849 = CARTESIAN_POINT('',(39.942825135694,34.544294451392,
    12.010621644724));
#1850 = CARTESIAN_POINT('',(39.976945968836,34.584204895652,
    12.075520311977));
#1851 = CARTESIAN_POINT('',(40.018704399517,34.615593454477,
    12.140662173594));
#1852 = CARTESIAN_POINT('',(40.041175039509,34.629140421948,
    12.172981434742));
#1853 = CARTESIAN_POINT('',(40.065177203434,34.640676947624,
    12.205106187973));
#1854 = CARTESIAN_POINT('',(40.090532737188,34.650251014128,
    12.236909123404));
#1855 = CARTESIAN_POINT('',(40.117063486664,34.657910604083,
    12.26826293115));
#1856 = CARTESIAN_POINT('',(40.176384838525,34.670394498527,
    12.334586955223));
#1857 = CARTESIAN_POINT('',(40.239509078738,34.674433488821,
    12.397642877641));
#1858 = CARTESIAN_POINT('',(40.274287864384,34.674370572432,
    12.430527418208));
#1859 = CARTESIAN_POINT('',(40.30986842133,34.67227816843,
    12.462529592031));
#1860 = CARTESIAN_POINT('',(40.346105450825,34.668354420295,
    12.493677592166));
#1861 = CARTESIAN_POINT('',(40.382853654115,34.662797471508,
    12.523999611671));
#1862 = CARTESIAN_POINT('',(40.465338445977,34.647257973234,
    12.589616224961));
#1863 = CARTESIAN_POINT('',(40.548912742851,34.625608916812,
    12.651431536278));
#1864 = CARTESIAN_POINT('',(40.595156872601,34.612003908502,
    12.684357104998));
#1865 = CARTESIAN_POINT('',(40.64161963703,34.596853459885,
    12.716280957058));
#1866 = CARTESIAN_POINT('',(40.688245536219,34.580309087617,
    12.747277284424));
#1867 = CARTESIAN_POINT('',(40.734979070247,34.562522308349,
    12.777420279056));
#1868 = CARTESIAN_POINT('',(40.83857492254,34.520722152085,
    12.842439622287));
#1869 = CARTESIAN_POINT('',(40.942154276337,34.474316276777,
    12.904002624157));
#1870 = CARTESIAN_POINT('',(40.99893060306,34.447587995499,
    12.936792452745));
#1871 = CARTESIAN_POINT('',(41.055662273008,34.419684568,12.968681159808
    ));
#1872 = CARTESIAN_POINT('',(41.112329438537,34.390710945591,
    12.999737886452));
#1873 = CARTESIAN_POINT('',(41.168912252003,34.360772079582,
    13.030031773784));
#1874 = CARTESIAN_POINT('',(41.292298319649,34.29348666345,
    13.094697860549));
#1875 = CARTESIAN_POINT('',(41.415092346436,34.222596230983,
    13.156383123286));
#1876 = CARTESIAN_POINT('',(41.481501566224,34.183164449495,
    13.189011464262));
#1877 = CARTESIAN_POINT('',(41.547730487009,34.142811384564,
    13.220873963597));
#1878 = CARTESIAN_POINT('',(41.613776003211,34.101606416595,
    13.25202595166));
#1879 = CARTESIAN_POINT('',(41.679635009248,34.059618925996,
    13.282522758819));
#1880 = CARTESIAN_POINT('',(41.82112314093,33.96761818207,
    13.346937313558));
#1881 = CARTESIAN_POINT('',(41.961716641842,33.87262903441,
    13.408824153769));
#1882 = CARTESIAN_POINT('',(42.03680139669,33.820917238461,
    13.441303835507));
#1883 = CARTESIAN_POINT('',(42.111633879434,33.768442971978,
    13.473142559668));
#1884 = CARTESIAN_POINT('',(42.186216401906,33.715254064008,
    13.504382767668));
#1885 = CARTESIAN_POINT('',(42.260551275936,33.661398343594,
    13.535066900923));
#1886 = CARTESIAN_POINT('',(42.4182584626,33.545443343986,
    13.599287907413));
#1887 = CARTESIAN_POINT('',(42.574864516317,33.426900472963,
    13.661373967233));
#1888 = CARTESIAN_POINT('',(42.657593051062,33.363354344062,
    13.693724825918));
#1889 = CARTESIAN_POINT('',(42.740020567672,33.299148274839,
    13.725540499319));
#1890 = CARTESIAN_POINT('',(42.822151332751,33.234316047342,
    13.756853483722));
#1891 = CARTESIAN_POINT('',(42.903989612905,33.168891443615,
    13.787696275415));
#1892 = CARTESIAN_POINT('',(43.075809885867,33.029869463489,
    13.851757683236));
#1893 = CARTESIAN_POINT('',(43.246369653413,32.888517761425,
    13.914020345222));
#1894 = CARTESIAN_POINT('',(43.335634173149,32.813636725539,
    13.946260222071));
#1895 = CARTESIAN_POINT('',(43.424559712502,32.738162190502,
    13.978053751851));
#1896 = CARTESIAN_POINT('',(43.513150743454,32.662118931333,
    14.009426005688));
#1897 = CARTESIAN_POINT('',(43.601411737987,32.585531723052,
    14.040402054706));
#1898 = CARTESIAN_POINT('',(43.785086331111,32.424476237296,
    14.104327884869));
#1899 = CARTESIAN_POINT('',(43.96736004568,32.261263762017,
    14.166743895579));
#1900 = CARTESIAN_POINT('',(44.061992538122,32.175623040483,
    14.19888721187));
#1901 = CARTESIAN_POINT('',(44.156252697903,32.089433758106,
    14.230659507673));
#1902 = CARTESIAN_POINT('',(44.250144664294,32.002714655718,
    14.262080377676));
#1903 = CARTESIAN_POINT('',(44.343672576565,31.915484474148,
    14.293169416564));
#1904 = CARTESIAN_POINT('',(44.536831232089,31.733615544092,
    14.356976796236));
#1905 = CARTESIAN_POINT('',(44.728460664129,31.549710958714,
    14.419526319411));
#1906 = CARTESIAN_POINT('',(44.827253534613,31.453979918061,
    14.45158422725));
#1907 = CARTESIAN_POINT('',(44.925643857973,31.357732674168,
    14.483336153433));
#1908 = CARTESIAN_POINT('',(45.023635255697,31.260983875413,
    14.514797642716));
#1909 = CARTESIAN_POINT('',(45.121231349275,31.163748170172,
    14.545984239853));
#1910 = CARTESIAN_POINT('',(45.273297726658,31.010894036425,
    14.594366764748));
#1911 = CARTESIAN_POINT('',(45.424414386102,30.856919975702,
    14.642152621499));
#1912 = CARTESIAN_POINT('',(45.478810573903,30.801225777744,
    14.659316866833));
#1913 = CARTESIAN_POINT('',(45.533084091042,30.745389380499,
    14.676407242267));
#1914 = CARTESIAN_POINT('',(45.587235409662,30.689412568968,
    14.693425643907));
#1915 = CARTESIAN_POINT('',(45.641265001905,30.633297128155,
    14.710373967859));
#1916 = CARTESIAN_POINT('',(45.742484315157,30.527676775602,
    14.742068441873));
#1917 = CARTESIAN_POINT('',(45.843277816859,30.421580277959,
    14.773529229576));
#1918 = CARTESIAN_POINT('',(45.89029705427,30.371886837173,
    14.788184561394));
#1919 = CARTESIAN_POINT('',(45.937223901808,30.322091784883,
    14.802791402514));
#1920 = CARTESIAN_POINT('',(45.984058678619,30.272196327669,
    14.81735103462));
#1921 = CARTESIAN_POINT('',(46.030801703851,30.222201672113,
    14.831864739393));
#1922 = CARTESIAN_POINT('',(46.182024416446,30.059824665164,
    14.878766682884));
#1923 = CARTESIAN_POINT('',(46.332289752452,29.896430683975,
    14.925212977704));
#1924 = CARTESIAN_POINT('',(46.435743774262,29.782966626425,
    14.957123251047));
#1925 = CARTESIAN_POINT('',(46.538745455989,29.669035951244,
    14.988836349261));
#1926 = CARTESIAN_POINT('',(46.64129752574,29.554648496902,
    15.020362625336));
#1927 = CARTESIAN_POINT('',(46.74340271162,29.439814101868,
    15.051712432263));
#1928 = CARTESIAN_POINT('',(46.950467378962,29.205027436749,
    15.115227827969));
#1929 = CARTESIAN_POINT('',(47.155700733514,28.968468219425,
    15.178097022478));
#1930 = CARTESIAN_POINT('',(47.259700107509,28.847599907703,
    15.209941117161));
#1931 = CARTESIAN_POINT('',(47.363229895913,28.726289200497,
    15.24163531533));
#1932 = CARTESIAN_POINT('',(47.466292569865,28.604544551012,
    15.273188390223));
#1933 = CARTESIAN_POINT('',(47.568890600505,28.48237441245,
    15.304609115074));
#1934 = CARTESIAN_POINT('',(47.775890540518,28.233925550952,
    15.368039411399));
#1935 = CARTESIAN_POINT('',(47.9810022308,27.983798411483,
    15.430998145132));
#1936 = CARTESIAN_POINT('',(48.084427530492,27.856663315,15.462779079719
    ));
#1937 = CARTESIAN_POINT('',(48.187372990843,27.729112499141,
    15.494454383309));
#1938 = CARTESIAN_POINT('',(48.289840986101,27.601153455258,
    15.526031749745));
#1939 = CARTESIAN_POINT('',(48.391833890512,27.472793674703,
    15.55751887287));
#1940 = CARTESIAN_POINT('',(48.596616406414,27.213078152724,
    15.620866939327));
#1941 = CARTESIAN_POINT('',(48.7994851291,26.951793022305,15.68391042299
    ));
#1942 = CARTESIAN_POINT('',(48.901298247187,26.819646782955,
    15.715629922127));
#1943 = CARTESIAN_POINT('',(49.00262964315,26.687115125687,
    15.747286054696));
#1944 = CARTESIAN_POINT('',(49.103481767681,26.55420489507,
    15.778885860807));
#1945 = CARTESIAN_POINT('',(49.203857071473,26.420922935671,
    15.810436380573));
#1946 = CARTESIAN_POINT('',(49.404453422319,26.15256639358,
    15.873703503866));
#1947 = CARTESIAN_POINT('',(49.603147053747,25.882766280707,
    15.936828680511));
#1948 = CARTESIAN_POINT('',(49.702410600398,25.746974629362,
    15.968487278259));
#1949 = CARTESIAN_POINT('',(49.801200116768,25.610832117542,
    16.000123649139));
#1950 = CARTESIAN_POINT('',(49.899518315357,25.474345193541,
    16.031744563877));
#1951 = CARTESIAN_POINT('',(49.997367908665,25.337520305656,
    16.063356793197));
#1952 = CARTESIAN_POINT('',(50.192028523244,25.063357898084,
    16.126542760039));
#1953 = CARTESIAN_POINT('',(50.384838447739,24.787896646755,
    16.189748129711));
#1954 = CARTESIAN_POINT('',(50.480731534161,24.649923495048,
    16.221345195956));
#1955 = CARTESIAN_POINT('',(50.576168805191,24.51163853414,
    16.252960852686));
#1956 = CARTESIAN_POINT('',(50.67115343565,24.373048036818,
    16.28460197245));
#1957 = CARTESIAN_POINT('',(50.765688600362,24.234158275871,
    16.316275427799));
#1958 = CARTESIAN_POINT('',(50.952910281928,23.957207051083,
    16.379378512627));
#1959 = CARTESIAN_POINT('',(51.138377463883,23.679120578218,
    16.442664051981));
#1960 = CARTESIAN_POINT('',(51.230207204626,23.540512779367,
    16.4741977429));
#1961 = CARTESIAN_POINT('',(51.321610507958,23.401636700434,
    16.505791301199));
#1962 = CARTESIAN_POINT('',(51.412591233461,23.262498661775,
    16.537452086089));
#1963 = CARTESIAN_POINT('',(51.50315324072,23.123104983745,
    16.56918745678));
#1964 = CARTESIAN_POINT('',(51.6816972153,22.846530337706,
    16.632204314154));
#1965 = CARTESIAN_POINT('',(51.858628958925,22.569002477938,
    16.695571486255));
#1966 = CARTESIAN_POINT('',(51.945837177918,22.431371867712,
    16.727038611397));
#1967 = CARTESIAN_POINT('',(52.032659802554,22.293520858104,
    16.758608153019));
#1968 = CARTESIAN_POINT('',(52.119101632591,22.155456076424,
    16.790288384375));
#1969 = CARTESIAN_POINT('',(52.205167467784,22.017184149986,
    16.822087578717));
#1970 = CARTESIAN_POINT('',(52.335669981743,21.80630746017,
    16.87070764932));
#1971 = CARTESIAN_POINT('',(52.46532276685,21.594981108396,
    16.919641987915));
#1972 = CARTESIAN_POINT('',(52.509739658264,21.522370597501,
    16.936482093725));
#1973 = CARTESIAN_POINT('',(52.554058264608,21.449709348324,
    16.95336227553));
#1974 = CARTESIAN_POINT('',(52.598279529915,21.376998496676,
    16.970284047062));
#1975 = CARTESIAN_POINT('',(52.642404398219,21.304239178373,
    16.987248922048));
#1976 = CARTESIAN_POINT('',(52.724164199964,21.169041898226,
    17.018834458605));
#1977 = CARTESIAN_POINT('',(52.80559811497,21.033685327876,
    17.050579064283));
#1978 = CARTESIAN_POINT('',(52.843109304128,20.971187979808,
    17.065263343936));
#1979 = CARTESIAN_POINT('',(52.880552279804,20.908658138416,
    17.079983404449));
#1980 = CARTESIAN_POINT('',(52.917927636061,20.846096518446,
    17.094740198383));
#1981 = CARTESIAN_POINT('',(52.955235966963,20.783503834644,
    17.109534678299));
#1982 = CARTESIAN_POINT('',(53.070010047371,20.590508818624,
    17.155248177042));
#1983 = CARTESIAN_POINT('',(53.184158817546,20.397232340952,
    17.201337705041));
#1984 = CARTESIAN_POINT('',(53.260990910781,20.266550179098,
    17.23265543484));
#1985 = CARTESIAN_POINT('',(53.33755299403,20.135756364331,
    17.264168240769));
#1986 = CARTESIAN_POINT('',(53.413852735333,20.004859289497,
    17.295887864702));
#1987 = CARTESIAN_POINT('',(53.489897802731,19.873867347444,
    17.327826048517));
#1988 = CARTESIAN_POINT('',(53.637678879562,19.618307915753,
    17.390543924694));
#1989 = CARTESIAN_POINT('',(53.784550183916,19.362451680066,
    17.454181858682));
#1990 = CARTESIAN_POINT('',(53.855883980496,19.237765896708,
    17.485412307927));
#1991 = CARTESIAN_POINT('',(53.927021477434,19.113030138385,
    17.516890276558));
#1992 = CARTESIAN_POINT('',(53.997972450691,18.9882546273,
    17.548630378341));
#1993 = CARTESIAN_POINT('',(54.068746676231,18.863449585659,
    17.580647227041));
#1994 = CARTESIAN_POINT('',(54.205544907442,18.621608282174,
    17.643242862193));
#1995 = CARTESIAN_POINT('',(54.341753069057,18.379732871798,
    17.706987040936));
#1996 = CARTESIAN_POINT('',(54.407532913309,18.262704555452,
    17.738117691019));
#1997 = CARTESIAN_POINT('',(54.473199658004,18.145694504281,
    17.769554428875));
#1998 = CARTESIAN_POINT('',(54.538765826611,18.028715843407,
    17.801315850464));
#1999 = CARTESIAN_POINT('',(54.604243942596,17.911781697952,
    17.833420551744));
#2000 = CARTESIAN_POINT('',(54.730058192547,17.6869476277,
    17.895876155151));
#2001 = CARTESIAN_POINT('',(54.855639284909,17.46237543146,
    17.959739724242));
#2002 = CARTESIAN_POINT('',(54.915901350932,17.354621805657,
    17.990753560455));
#2003 = CARTESIAN_POINT('',(54.976141887786,17.246964195802,
    18.02214028399));
#2004 = CARTESIAN_POINT('',(55.036377009167,17.139420421175,
    18.053924028988));
#2005 = CARTESIAN_POINT('',(55.096622828771,17.032008301057,
    18.086128929591));
#2006 = CARTESIAN_POINT('',(55.211615417793,16.827364682635,
    18.148421380168));
#2007 = CARTESIAN_POINT('',(55.326764255338,16.623330008198,
    18.212422525882));
#2008 = CARTESIAN_POINT('',(55.381614778401,16.526401972677,
    18.24329664198));
#2009 = CARTESIAN_POINT('',(55.436542348072,16.429662381683,
    18.274621367114));
#2010 = CARTESIAN_POINT('',(55.491567797251,16.333136513059,
    18.306428547942));
#2011 = CARTESIAN_POINT('',(55.546711958841,16.236849644644,
    18.338750031118));
#2012 = CARTESIAN_POINT('',(55.651164506216,16.055425410784,
    18.400849844969));
#2013 = CARTESIAN_POINT('',(55.756189571567,15.875034833241,
    18.465012987133));
#2014 = CARTESIAN_POINT('',(55.805781615595,15.790387144816,
    18.495716371276));
#2015 = CARTESIAN_POINT('',(55.855554203292,15.706045179048,
    18.526962419338));
#2016 = CARTESIAN_POINT('',(55.905534175576,15.6220472755,
    18.558793861186));
#2017 = CARTESIAN_POINT('',(55.955748373365,15.538431773736,
    18.591253426685));
#2018 = CARTESIAN_POINT('',(56.05001614231,15.383056966398,
    18.653127905871));
#2019 = CARTESIAN_POINT('',(56.145288115359,15.22928340666,
    18.717491322515));
#2020 = CARTESIAN_POINT('',(56.189798026707,15.158252096516,
    18.747986256684));
#2021 = CARTESIAN_POINT('',(56.234593018399,15.087684960287,
    18.779133305757));
#2022 = CARTESIAN_POINT('',(56.279707271576,15.017641301695,
    18.810989957434));
#2023 = CARTESIAN_POINT('',(56.32517496738,14.948180424457,
    18.843613699412));
#2024 = CARTESIAN_POINT('',(56.409656333387,14.821392395865,
    18.90523707896));
#2025 = CARTESIAN_POINT('',(56.495569406024,14.696985048399,
    18.96985440021));
#2026 = CARTESIAN_POINT('',(56.535189319286,14.640704424791,
    19.000100908352));
#2027 = CARTESIAN_POINT('',(56.575188483803,14.585126398094,
    19.031126703782));
#2028 = CARTESIAN_POINT('',(56.615606880033,14.530353432663,
    19.063008496682));
#2029 = CARTESIAN_POINT('',(56.656484488435,14.476487992854,
    19.095822997235));
#2030 = CARTESIAN_POINT('',(56.731624592929,14.380502708241,
    19.157247097181));
#2031 = CARTESIAN_POINT('',(56.808542804761,14.288186121599,
    19.222253075078));
#2032 = CARTESIAN_POINT('',(56.843500107873,14.247610695488,
    19.25227563105));
#2033 = CARTESIAN_POINT('',(56.878888459829,14.208106388878,
    19.283200790441));
#2034 = CARTESIAN_POINT('',(56.914743881003,14.169838397969,
    19.315118256089));
#2035 = CARTESIAN_POINT('',(56.951102391765,14.132971918963,
    19.348117730836));
#2036 = CARTESIAN_POINT('',(57.017567774189,14.069384816958,
    19.409671862145));
#2037 = CARTESIAN_POINT('',(57.085899366835,14.011417480303,
    19.475319092048));
#2038 = CARTESIAN_POINT('',(57.116647307382,13.987037330124,
    19.505392445138));
#2039 = CARTESIAN_POINT('',(57.147725879576,13.964359377163,
    19.536394882594));
#2040 = CARTESIAN_POINT('',(57.1791157377,13.943678644131,
    19.568385934409));
#2041 = CARTESIAN_POINT('',(57.210797536039,13.925290153744,
    19.601425130577));
#2042 = CARTESIAN_POINT('',(57.269711556234,13.896157580478,
    19.664381401702));
#2043 = CARTESIAN_POINT('',(57.329486418622,13.876822468652,
    19.731305228895));
#2044 = CARTESIAN_POINT('',(57.356854239849,13.87020625256,
    19.762610125022));
#2045 = CARTESIAN_POINT('',(57.384070323261,13.866001820397,
    19.794443995275));
#2046 = CARTESIAN_POINT('',(57.410968666913,13.864389237381,
    19.826655910423));
#2047 = CARTESIAN_POINT('',(57.437383268862,13.865548568729,
    19.859094941233));
#2048 = CARTESIAN_POINT('',(57.489287468033,13.873830946953,
    19.924597972221));
#2049 = CARTESIAN_POINT('',(57.537881086281,13.894824258426,
    19.989797670777));
#2050 = CARTESIAN_POINT('',(57.561456165669,13.908363636643,
    20.022413341977));
#2051 = CARTESIAN_POINT('',(57.584076819496,13.92461324294,
    20.054667180329));
#2052 = CARTESIAN_POINT('',(57.605685650499,13.943316315028,
    20.086416735064));
#2053 = CARTESIAN_POINT('',(57.626225261415,13.96421609062,
    20.117519555413));
#2054 = CARTESIAN_POINT('',(57.661159784374,14.005317150508,
    20.172070255231));
#2055 = CARTESIAN_POINT('',(57.692260046305,14.051868943263,
    20.223603986101));
#2056 = CARTESIAN_POINT('',(57.705358888645,14.073547093432,
    20.245928263493));
#2057 = CARTESIAN_POINT('',(57.717776412215,14.096139293848,
    20.267703432353));
#2058 = CARTESIAN_POINT('',(57.72955040986,14.119564567137,
    20.288952721646));
#2059 = CARTESIAN_POINT('',(57.740718674426,14.143741935926,
    20.309699360332));
#2060 = CARTESIAN_POINT('',(57.756937009957,14.181759744211,
    20.340707895164));
#2061 = CARTESIAN_POINT('',(57.771914348056,14.221158985606,
    20.370648549711));
#2062 = CARTESIAN_POINT('',(57.776959195413,14.234960540103,
    20.38089527587));
#2063 = CARTESIAN_POINT('',(57.781866384892,14.248903746387,
    20.391020780758));
#2064 = CARTESIAN_POINT('',(57.786641542496,14.262976549822,
    20.401028522337));
#2065 = CARTESIAN_POINT('',(57.791290294228,14.277166895776,
    20.410921958568));
#2066 = CARTESIAN_POINT('',(57.812704201586,14.344775456679,
    20.457186259151));
#2067 = CARTESIAN_POINT('',(57.831542600803,14.414473726789,
    20.501048709548));
#2068 = CARTESIAN_POINT('',(57.844920839766,14.470593608344,
    20.534256028255));
#2069 = CARTESIAN_POINT('',(57.856946998614,14.527732714501,
    20.566196015479));
#2070 = CARTESIAN_POINT('',(57.867745776959,14.585750955459,
    20.596981753933));
#2071 = CARTESIAN_POINT('',(57.877441874412,14.644508241413,
    20.626726326329));
#2072 = CARTESIAN_POINT('',(57.897231652761,14.77924455746,
    20.692138614928));
#2073 = CARTESIAN_POINT('',(57.912624709458,14.916345278453,
    20.753351433341));
#2074 = CARTESIAN_POINT('',(57.919958586602,14.993708401946,
    20.786381249681));
#2075 = CARTESIAN_POINT('',(57.926112677958,15.071651967438,
    20.818292434189));
#2076 = CARTESIAN_POINT('',(57.931185176705,15.150096167018,
    20.849182887209));
#2077 = CARTESIAN_POINT('',(57.935274276024,15.228961192777,
    20.879150509082));
#2078 = CARTESIAN_POINT('',(57.942421254184,15.405647447436,
    20.944159600231));
#2079 = CARTESIAN_POINT('',(57.945651978553,15.583633510317,
    21.005550916896));
#2080 = CARTESIAN_POINT('',(57.946313204832,15.682185262931,
    21.038395586484));
#2081 = CARTESIAN_POINT('',(57.945924074766,15.781050209848,
    21.07028995269));
#2082 = CARTESIAN_POINT('',(57.94455544032,15.880187125271,
    21.101309467214));
#2083 = CARTESIAN_POINT('',(57.942278153462,15.979554783402,
    21.13152958176));
#2084 = CARTESIAN_POINT('',(57.935439616813,16.19811218601,
    21.196282378168));
#2085 = CARTESIAN_POINT('',(57.924904908757,16.417384251187,
    21.257909861002));
#2086 = CARTESIAN_POINT('',(57.918126205191,16.536960381566,
    21.290596424715));
#2087 = CARTESIAN_POINT('',(57.910357742176,16.656698209906,
    21.322472726831));
#2088 = CARTESIAN_POINT('',(57.901652521503,16.776572651136,
    21.353596900119));
#2089 = CARTESIAN_POINT('',(57.892063544966,16.896558620186,
    21.384027077346));
#2090 = CARTESIAN_POINT('',(57.869488830136,17.156699746364,
    21.448577512071));
#2091 = CARTESIAN_POINT('',(57.843263442952,17.417128877842,
    21.510416151642));
#2092 = CARTESIAN_POINT('',(57.828124591126,17.557420649406,
    21.542970974806));
#2093 = CARTESIAN_POINT('',(57.812007662158,17.69776489608,
    21.574829624233));
#2094 = CARTESIAN_POINT('',(57.794952801976,17.838146107508,
    21.606037102276));
#2095 = CARTESIAN_POINT('',(57.777000156507,17.978548773336,
    21.636638411289));
#2096 = CARTESIAN_POINT('',(57.750471619194,18.176569966543,
    21.679004651048));
#2097 = CARTESIAN_POINT('',(57.722317083389,18.374572132311,
    21.720344237411));
#2098 = CARTESIAN_POINT('',(57.713989575596,18.432177067544,
    21.73228637334));
#2099 = CARTESIAN_POINT('',(57.705527333901,18.489779388928,
    21.744144881537));
#2100 = CARTESIAN_POINT('',(57.696931809266,18.547378594848,
    21.755921399678));
#2101 = CARTESIAN_POINT('',(57.688204452652,18.604974183687,
    21.76761756544));
#2102 = CARTESIAN_POINT('',(57.663520118458,18.765467433181,
    21.799992541573));
#2103 = CARTESIAN_POINT('',(57.637834513856,18.925924801327,
    21.831768937767));
#2104 = CARTESIAN_POINT('',(57.620962611962,19.028785963391,
    21.851905951647));
#2105 = CARTESIAN_POINT('',(57.603695655382,19.131626652515,
    21.8718155812));
#2106 = CARTESIAN_POINT('',(57.58604192068,19.234444007383,
    21.89150716805));
#2107 = CARTESIAN_POINT('',(57.56800968442,19.337235166678,
    21.910990053818));
#2108 = CARTESIAN_POINT('',(57.517325504556,19.620263225231,
    21.96410086886));
#2109 = CARTESIAN_POINT('',(57.463895709173,19.903049163302,
    22.015770274381));
#2110 = CARTESIAN_POINT('',(57.428776643911,20.083054359525,
    22.04812308114));
#2111 = CARTESIAN_POINT('',(57.392594157334,20.26294467819,
    22.079947776877));
#2112 = CARTESIAN_POINT('',(57.355373440008,20.442711790525,
    22.111272671391));
#2113 = CARTESIAN_POINT('',(57.317139682501,20.622347367756,
    22.14212607448));
#2114 = CARTESIAN_POINT('',(57.234412455925,21.000944361568,
    22.206268098882));
#2115 = CARTESIAN_POINT('',(57.147402519465,21.378882070938,
    22.268564427556));
#2116 = CARTESIAN_POINT('',(57.100481031992,21.577447080236,
    22.300838075351));
#2117 = CARTESIAN_POINT('',(57.052416735908,21.775815306122,
    22.332647138353));
#2118 = CARTESIAN_POINT('',(57.003230446054,21.973979523669,
    22.364014549567));
#2119 = CARTESIAN_POINT('',(56.952942977269,22.171932507951,
    22.394963241999));
#2120 = CARTESIAN_POINT('',(56.845268092298,22.58641451275,
    22.459006837482));
#2121 = CARTESIAN_POINT('',(56.73293769487,22.999904897229,
    22.521412169588));
#2122 = CARTESIAN_POINT('',(56.672940731892,23.215855722579,
    22.553616948413));
#2123 = CARTESIAN_POINT('',(56.611706120467,23.431521519072,
    22.585411322902));
#2124 = CARTESIAN_POINT('',(56.549251588898,23.646895357444,
    22.616814092155));
#2125 = CARTESIAN_POINT('',(56.485594865488,23.861970308429,
    22.647844055271));
#2126 = CARTESIAN_POINT('',(56.401363891914,24.140962938423,
    22.687693196959));
#2127 = CARTESIAN_POINT('',(56.315164061938,24.419427812179,
    22.726976677927));
#2128 = CARTESIAN_POINT('',(56.295217043992,24.483501703104,
    22.735990000827));
#2129 = CARTESIAN_POINT('',(56.275166348057,24.547547327583,
    22.74497400099));
#2130 = CARTESIAN_POINT('',(56.255012301011,24.61156453557,
    22.753929004524));
#2131 = CARTESIAN_POINT('',(56.23475522973,24.675553177017,
    22.762855337532));
#2132 = CARTESIAN_POINT('',(56.160888033001,24.90760592949,
    22.795138095027));
#2133 = CARTESIAN_POINT('',(56.085673325323,25.139278708108,
    22.827052045195));
#2134 = CARTESIAN_POINT('',(56.030488668138,25.306894190494,
    22.84998205999));
#2135 = CARTESIAN_POINT('',(55.974608816323,25.474304846928,
    22.872730394334));
#2136 = CARTESIAN_POINT('',(55.91803970334,25.641507953755,
    22.895302967689));
#2137 = CARTESIAN_POINT('',(55.860787262647,25.808500787318,
    22.917705699519));
#2138 = CARTESIAN_POINT('',(55.716877173637,26.222817540688,
    22.972951655189));
#2139 = CARTESIAN_POINT('',(55.568823286797,26.635803013872,
    23.027222526628));
#2140 = CARTESIAN_POINT('',(55.478902370423,26.882061604395,
    23.059312059802));
#2141 = CARTESIAN_POINT('',(55.387530775367,27.127829519635,
    23.091079573931));
#2142 = CARTESIAN_POINT('',(55.294722739511,27.373099026328,
    23.122538090685));
#2143 = CARTESIAN_POINT('',(55.200492500738,27.617862391211,
    23.153700631736));
#2144 = CARTESIAN_POINT('',(55.002862472329,28.122587821917,
    23.217511257794));
#2145 = CARTESIAN_POINT('',(54.799281021103,28.625085907224,
    23.280169232418));
#2146 = CARTESIAN_POINT('',(54.692646216384,28.883810657064,
    23.312209407979));
#2147 = CARTESIAN_POINT('',(54.584453266761,29.141925192676,
    23.343964553714));
#2148 = CARTESIAN_POINT('',(54.474715629704,29.399421014652,
    23.375445649221));
#2149 = CARTESIAN_POINT('',(54.363446762679,29.656289623583,
    23.406663674102));
#2150 = CARTESIAN_POINT('',(54.13126166986,30.183776381793,
    23.470410836498));
#2151 = CARTESIAN_POINT('',(53.892701401508,30.708533017918,
    23.533136186546));
#2152 = CARTESIAN_POINT('',(53.768351886986,30.977651630935,
    23.5651310823));
#2153 = CARTESIAN_POINT('',(53.642342825672,31.246029568991,
    23.596874431487));
#2154 = CARTESIAN_POINT('',(53.51468737296,31.51365747267,
    23.628375565346));
#2155 = CARTESIAN_POINT('',(53.385398684243,31.780525982552,
    23.659643815116));
#2156 = CARTESIAN_POINT('',(53.116837704147,32.326432966636,
    23.723332399724));
#2157 = CARTESIAN_POINT('',(52.841513652032,32.869065105244,
    23.786119389055));
#2158 = CARTESIAN_POINT('',(52.69863149442,33.146323225249,
    23.818072292323));
#2159 = CARTESIAN_POINT('',(52.553999075551,33.422700548237,
    23.849804320918));
#2160 = CARTESIAN_POINT('',(52.4076296362,33.69818684694,23.881323467625
    ));
#2161 = CARTESIAN_POINT('',(52.259536417146,33.972771894091,
    23.912637725233));
#2162 = CARTESIAN_POINT('',(51.953192717743,34.532425233111,
    23.976271693459));
#2163 = CARTESIAN_POINT('',(51.639751106086,35.08822409969,
    24.039115688141));
#2164 = CARTESIAN_POINT('',(51.477744431159,35.371216765708,
    24.071029251627));
#2165 = CARTESIAN_POINT('',(51.313911651237,35.653180912695,
    24.102750346708));
#2166 = CARTESIAN_POINT('',(51.148266400798,35.934105512127,
    24.1342858763));
#2167 = CARTESIAN_POINT('',(50.980822314318,36.213979535477,
    24.165642743314));
#2168 = CARTESIAN_POINT('',(50.753475318108,36.588543339658,
    24.207537621942));
#2169 = CARTESIAN_POINT('',(50.522931010111,36.961171263122,
    24.249134968268));
#2170 = CARTESIAN_POINT('',(50.463787533445,37.05630084053,
    24.25974945398));
#2171 = CARTESIAN_POINT('',(50.404436146333,37.151303064953,
    24.270344930951));
#2172 = CARTESIAN_POINT('',(50.344877364013,37.246177513771,
    24.280921616519));
#2173 = CARTESIAN_POINT('',(50.285111701724,37.340923764366,
    24.291479728026));
#2174 = CARTESIAN_POINT('',(50.10369410068,37.627145595744,
    24.323362876273));
#2175 = CARTESIAN_POINT('',(49.920392802028,37.912186569878,
    24.355080033755));
#2176 = CARTESIAN_POINT('',(49.796846368952,38.10246758779,
    24.376239728063));
#2177 = CARTESIAN_POINT('',(49.672464350746,38.292212408446,
    24.397328646503));
#2178 = CARTESIAN_POINT('',(49.547251026062,38.481417522313,
    24.418348593908));
#2179 = CARTESIAN_POINT('',(49.421210673551,38.670079419864,
    24.439301375109));
#2180 = CARTESIAN_POINT('',(49.098554529365,39.148520472911,
    24.492425209025));
#2181 = CARTESIAN_POINT('',(48.770604039756,39.623402282145,
    24.54513792212));
#2182 = CARTESIAN_POINT('',(48.569663838093,39.910245565379,
    24.576978775049));
#2183 = CARTESIAN_POINT('',(48.366804225896,40.195753874139,
    24.608678840824));
#2184 = CARTESIAN_POINT('',(48.162040256123,40.47991502452,
    24.640243418583));
#2185 = CARTESIAN_POINT('',(47.955386981732,40.762716832614,
    24.67167780747));
#2186 = CARTESIAN_POINT('',(47.532550959775,41.333379435819,
    24.735164793207));
#2187 = CARTESIAN_POINT('',(47.102070545233,41.898352693809,
    24.79816006312));
#2188 = CARTESIAN_POINT('',(46.881939817916,42.183227515439,
    24.829966743667));
#2189 = CARTESIAN_POINT('',(46.659877245736,42.466615961301,
    24.861656563933));
#2190 = CARTESIAN_POINT('',(46.43589876228,42.748505590628,
    24.893234250416));
#2191 = CARTESIAN_POINT('',(46.210020301137,43.028883962653,
    24.924704529615));
#2192 = CARTESIAN_POINT('',(45.74936430438,43.592875290569,
    24.988146369162));
#2193 = CARTESIAN_POINT('',(45.281066579886,44.150582860287,
    25.051187515071));
#2194 = CARTESIAN_POINT('',(45.042373270858,44.430924070417,
    25.082961039067));
#2195 = CARTESIAN_POINT('',(44.801760398807,44.709634272369,
    25.114640702911));
#2196 = CARTESIAN_POINT('',(44.559244795916,44.986701027084,
    25.146230785219));
#2197 = CARTESIAN_POINT('',(44.314843294368,45.262111895503,
    25.177735564611));
#2198 = CARTESIAN_POINT('',(43.817988749321,45.814391560047,
    25.241133459315));
#2199 = CARTESIAN_POINT('',(43.313594931967,46.359829897513,
    25.30421897097));
#2200 = CARTESIAN_POINT('',(43.057308589412,46.633164340542,
    25.33596005141));
#2201 = CARTESIAN_POINT('',(42.799139925756,46.904734303194,
    25.367629566103));
#2202 = CARTESIAN_POINT('',(42.539106623435,47.174527623745,
    25.399231460983));
#2203 = CARTESIAN_POINT('',(42.277226364883,47.442532140472,
    25.430769681982));
#2204 = CARTESIAN_POINT('',(41.746474385644,47.978303678239,
    25.494124511604));
#2205 = CARTESIAN_POINT('',(41.208384167808,48.506730755877,
    25.557253384242));
#2206 = CARTESIAN_POINT('',(40.935810295621,48.770732597664,
    25.588962535258));
#2207 = CARTESIAN_POINT('',(40.661415565331,49.032851977918,
    25.620621892009));
#2208 = CARTESIAN_POINT('',(40.385218384198,49.293077289673,
    25.652235157828));
#2209 = CARTESIAN_POINT('',(40.107237159483,49.551396925964,
    25.683806036049));
#2210 = CARTESIAN_POINT('',(39.54554526791,50.066216368836,
    25.747118194779));
#2211 = CARTESIAN_POINT('',(38.97680943534,50.573259508424,
    25.810289328154));
#2212 = CARTESIAN_POINT('',(38.689572850385,50.825803126169,
    25.841966575119));
#2213 = CARTESIAN_POINT('',(38.400599459282,51.07636585886,
    25.873615496554));
#2214 = CARTESIAN_POINT('',(38.109908256646,51.32493692487,
    25.905239696111));
#2215 = CARTESIAN_POINT('',(37.817518237092,51.571505542569,
    25.936842777437));
#2216 = CARTESIAN_POINT('',(37.523448395235,51.816060930329,
    25.968428344184));
#2217 = CARTESIAN_POINT('',(37.227717725689,52.05859230652,26.));
#2218 = PCURVE('',#31,#2219);
#2219 = DEFINITIONAL_REPRESENTATION('',(#2220),#2224);
#2220 = LINE('',#2221,#2222);
#2221 = CARTESIAN_POINT('',(0.,1.));
#2222 = VECTOR('',#2223,1.);
#2223 = DIRECTION('',(1.,0.));
#2224 = ( GEOMETRIC_REPRESENTATION_CONTEXT(2) 
PARAMETRIC_REPRESENTATION_CONTEXT() REPRESENTATION_CONTEXT('2D SPACE',''
  ) );
#2225 = ( GEOMETRIC_REPRESENTATION_CONTEXT(3) 
GLOBAL_UNCERTAINTY_ASSIGNED_CONTEXT((#2229)) 
GLOBAL_UNIT_ASSIGNED_CONTEXT((#2226,#2227,#2228)) REPRESENTATION_CONTEXT
('Context #1','3D Context with UNIT and UNCERTAINTY') );
#2226 = ( LENGTH_UNIT() NAMED_UNIT(*) SI_UNIT(.MILLI.,.METRE.) );
#2227 = ( NAMED_UNIT(*) PLANE_ANGLE_UNIT() SI_UNIT($,.RADIAN.) );
#2228 = ( NAMED_UNIT(*) SI_UNIT($,.STERADIAN.) SOLID_ANGLE_UNIT() );
#2229 = UNCERTAINTY_MEASURE_WITH_UNIT(LENGTH_MEASURE(1.E-07),#2226,
  'distance_accuracy_value','confusion accuracy');
#2230 = PRODUCT_RELATED_PRODUCT_CATEGORY('part',$,(#7));
ENDSEC;
END-ISO-10303-21;
